customer_id,cluster
CUST00001,0
CUST00002,1
CUST00003,1
CUST00004,1
CUST00005,0
CUST00006,0
CUST00007,0
CUST00008,0
CUST00009,1
CUST00010,1
CUST00011,0
CUST00012,0
CUST00013,0
CUST00014,0
CUST00015,0
CUST00016,0
CUST00017,0
CUST00018,0
CUST00019,0
CUST00020,0
CUST00021,0
CUST00022,0
CUST00023,0
CUST00024,0
CUST00025,0
CUST00026,0
CUST00027,0
CUST00028,0
CUST00029,0
CUST00030,0
CUST00031,1
CUST00032,0
CUST00033,0
CUST00034,1
CUST00035,1
CUST00036,0
CUST00037,0
CUST00038,0
CUST00039,1
CUST00040,0
CUST00041,0
CUST00042,0
CUST00043,0
CUST00044,1
CUST00045,0
CUST00046,1
CUST00047,0
CUST00048,0
CUST00049,0
CUST00050,0
CUST00051,1
CUST00052,0
CUST00053,1
CUST00054,0
CUST00055,1
CUST00056,1
CUST00057,0
CUST00058,0
CUST00059,0
CUST00060,0
CUST00061,0
CUST00062,0
CUST00063,0
CUST00064,0
CUST00065,0
CUST00066,0
CUST00067,0
CUST00068,0
CUST00069,0
CUST00070,1
CUST00071,0
CUST00072,0
CUST00073,0
CUST00074,0
CUST00075,1
CUST00076,1
CUST00077,0
CUST00078,0
CUST00079,0
CUST00080,0
CUST00081,0
CUST00082,1
CUST00083,0
CUST00084,0
CUST00085,0
CUST00086,0
CUST00087,1
CUST00088,1
CUST00089,0
CUST00090,0
CUST00091,0
CUST00092,1
CUST00093,0
CUST00094,1
CUST00095,0
CUST00096,0
CUST00097,0
CUST00098,0
CUST00099,0
CUST00100,0
CUST00101,0
CUST00102,1
CUST00103,0
CUST00104,0
CUST00105,1
CUST00106,0
CUST00107,0
CUST00108,0
CUST00109,0
CUST00110,0
CUST00111,0
CUST00112,0
CUST00113,1
CUST00114,0
CUST00115,1
CUST00116,0
CUST00117,0
CUST00118,0
CUST00119,0
CUST00120,0
CUST00121,0
CUST00122,0
CUST00123,0
CUST00124,0
CUST00125,0
CUST00126,0
CUST00127,1
CUST00128,0
CUST00129,0
CUST00130,1
CUST00131,0
CUST00132,0
CUST00133,0
CUST00134,0
CUST00135,1
CUST00136,0
CUST00137,0
CUST00138,1
CUST00139,0
CUST00140,1
CUST00141,1
CUST00142,0
CUST00143,0
CUST00144,0
CUST00145,0
CUST00146,0
CUST00147,1
CUST00148,0
CUST00149,0
CUST00150,0
CUST00151,1
CUST00152,0
CUST00153,0
CUST00154,0
CUST00155,1
CUST00156,0
CUST00157,1
CUST00158,0
CUST00159,0
CUST00160,0
CUST00161,0
CUST00162,1
CUST00163,1
CUST00164,0
CUST00165,0
CUST00166,0
CUST00167,0
CUST00168,0
CUST00169,0
CUST00170,0
CUST00171,1
CUST00172,0
CUST00173,0
CUST00174,0
CUST00175,1
CUST00176,0
CUST00177,1
CUST00178,0
CUST00179,1
CUST00180,0
CUST00181,0
CUST00182,0
CUST00183,1
CUST00184,0
CUST00185,0
CUST00186,1
CUST00187,0
CUST00188,1
CUST00189,0
CUST00190,0
CUST00191,0
CUST00192,0
CUST00193,1
CUST00194,1
CUST00195,0
CUST00196,0
CUST00197,1
CUST00198,0
CUST00199,0
CUST00200,0
CUST00201,1
CUST00202,0
CUST00203,0
CUST00204,0
CUST00205,1
CUST00206,0
CUST00207,0
CUST00208,1
CUST00209,0
CUST00210,0
CUST00211,0
CUST00212,1
CUST00213,0
CUST00214,0
CUST00215,1
CUST00216,0
CUST00217,1
CUST00218,1
CUST00219,0
CUST00220,0
CUST00221,1
CUST00222,1
CUST00223,0
CUST00224,0
CUST00225,0
CUST00226,0
CUST00227,1
CUST00228,0
CUST00229,0
CUST00230,1
CUST00231,0
CUST00232,0
CUST00233,1
CUST00234,0
CUST00235,0
CUST00236,1
CUST00237,0
CUST00238,0
CUST00239,1
CUST00240,0
CUST00241,1
CUST00242,1
CUST00243,1
CUST00244,0
CUST00245,0
CUST00246,1
CUST00247,0
CUST00248,1
CUST00249,1
CUST00250,0
CUST00251,0
CUST00252,0
CUST00253,0
CUST00254,0
CUST00255,0
CUST00256,1
CUST00257,1
CUST00258,1
CUST00259,1
CUST00260,0
CUST00261,1
CUST00262,0
CUST00263,0
CUST00264,1
CUST00265,0
CUST00266,1
CUST00267,1
CUST00268,1
CUST00269,0
CUST00270,0
CUST00271,0
CUST00272,0
CUST00273,0
CUST00274,1
CUST00275,0
CUST00276,0
CUST00277,0
CUST00278,1
CUST00279,1
CUST00280,0
CUST00281,0
CUST00282,0
CUST00283,0
CUST00284,0
CUST00285,1
CUST00286,0
CUST00287,0
CUST00288,0
CUST00289,1
CUST00290,1
CUST00291,0
CUST00292,0
CUST00293,0
CUST00294,0
CUST00295,0
CUST00296,0
CUST00297,0
CUST00298,0
CUST00299,1
CUST00300,0
CUST00301,0
CUST00302,0
CUST00303,0
CUST00304,1
CUST00305,1
CUST00306,1
CUST00307,0
CUST00308,0
CUST00309,0
CUST00310,0
CUST00311,0
CUST00312,0
CUST00313,0
CUST00314,1
CUST00315,0
CUST00316,1
CUST00317,0
CUST00318,0
CUST00319,0
CUST00320,0
CUST00321,0
CUST00322,1
CUST00323,1
CUST00324,0
CUST00325,1
CUST00326,1
CUST00327,0
CUST00328,1
CUST00329,0
CUST00330,0
CUST00331,0
CUST00332,0
CUST00333,0
CUST00334,0
CUST00335,0
CUST00336,0
CUST00337,0
CUST00338,1
CUST00339,0
CUST00340,0
CUST00341,0
CUST00342,0
CUST00343,0
CUST00344,0
CUST00345,0
CUST00346,1
CUST00347,1
CUST00348,0
CUST00349,0
CUST00350,1
CUST00351,0
CUST00352,0
CUST00353,0
CUST00354,0
CUST00355,0
CUST00356,0
CUST00357,0
CUST00358,1
CUST00359,1
CUST00360,1
CUST00361,0
CUST00362,0
CUST00363,0
CUST00364,0
CUST00365,1
CUST00366,0
CUST00367,1
CUST00368,1
CUST00369,0
CUST00370,0
CUST00371,0
CUST00372,0
CUST00373,0
CUST00374,1
CUST00375,0
CUST00376,0
CUST00377,0
CUST00378,0
CUST00379,0
CUST00380,0
CUST00381,0
CUST00382,1
CUST00383,1
CUST00384,0
CUST00385,1
CUST00386,0
CUST00387,0
CUST00388,0
CUST00389,0
CUST00390,0
CUST00391,0
CUST00392,0
CUST00393,0
CUST00394,1
CUST00395,0
CUST00396,1
CUST00397,0
CUST00398,0
CUST00399,0
CUST00400,0
CUST00401,0
CUST00402,1
CUST00403,0
CUST00404,0
CUST00405,0
CUST00406,0
CUST00407,0
CUST00408,0
CUST00409,1
CUST00410,0
CUST00411,0
CUST00412,1
CUST00413,1
CUST00414,1
CUST00415,1
CUST00416,0
CUST00417,0
CUST00418,0
CUST00419,1
CUST00420,0
CUST00421,0
CUST00422,0
CUST00423,0
CUST00424,0
CUST00425,0
CUST00426,0
CUST00427,0
CUST00428,0
CUST00429,0
CUST00430,0
CUST00431,0
CUST00432,0
CUST00433,1
CUST00434,0
CUST00435,0
CUST00436,1
CUST00437,0
CUST00438,0
CUST00439,1
CUST00440,0
CUST00441,0
CUST00442,1
CUST00443,0
CUST00444,0
CUST00445,1
CUST00446,1
CUST00447,1
CUST00448,0
CUST00449,0
CUST00450,0
CUST00451,0
CUST00452,1
CUST00453,0
CUST00454,1
CUST00455,0
CUST00456,0
CUST00457,0
CUST00458,0
CUST00459,0
CUST00460,0
CUST00461,0
CUST00462,1
CUST00463,0
CUST00464,1
CUST00465,1
CUST00466,0
CUST00467,1
CUST00468,0
CUST00469,0
CUST00470,1
CUST00471,0
CUST00472,1
CUST00473,0
CUST00474,0
CUST00475,0
CUST00476,0
CUST00477,0
CUST00478,1
CUST00479,1
CUST00480,0
CUST00481,1
CUST00482,1
CUST00483,0
CUST00484,0
CUST00485,1
CUST00486,1
CUST00487,0
CUST00488,0
CUST00489,1
CUST00490,0
CUST00491,0
CUST00492,0
CUST00493,0
CUST00494,0
CUST00495,0
CUST00496,0
CUST00497,1
CUST00498,0
CUST00499,1
CUST00500,1
CUST00501,1
CUST00502,0
CUST00503,0
CUST00504,0
CUST00505,1
CUST00506,0
CUST00507,1
CUST00508,0
CUST00509,1
CUST00510,1
CUST00511,1
CUST00512,0
CUST00513,1
CUST00514,0
CUST00515,0
CUST00516,0
CUST00517,0
CUST00518,0
CUST00519,1
CUST00520,0
CUST00521,1
CUST00522,0
CUST00523,1
CUST00524,0
CUST00525,0
CUST00526,1
CUST00527,1
CUST00528,1
CUST00529,0
CUST00530,0
CUST00531,0
CUST00532,1
CUST00533,1
CUST00534,1
CUST00535,0
CUST00536,1
CUST00537,0
CUST00538,0
CUST00539,0
CUST00540,0
CUST00541,1
CUST00542,1
CUST00543,0
CUST00544,1
CUST00545,1
CUST00546,0
CUST00547,0
CUST00548,1
CUST00549,1
CUST00550,0
CUST00551,0
CUST00552,0
CUST00553,1
CUST00554,1
CUST00555,0
CUST00556,0
CUST00557,0
CUST00558,0
CUST00559,0
CUST00560,1
CUST00561,0
CUST00562,0
CUST00563,0
CUST00564,0
CUST00565,0
CUST00566,1
CUST00567,1
CUST00568,0
CUST00569,1
CUST00570,0
CUST00571,0
CUST00572,0
CUST00573,0
CUST00574,1
CUST00575,0
CUST00576,1
CUST00577,0
CUST00578,1
CUST00579,0
CUST00580,0
CUST00581,0
CUST00582,1
CUST00583,0
CUST00584,0
CUST00585,1
CUST00586,0
CUST00587,0
CUST00588,0
CUST00589,0
CUST00590,0
CUST00591,0
CUST00592,1
CUST00593,0
CUST00594,0
CUST00595,0
CUST00596,0
CUST00597,1
CUST00598,0
CUST00599,0
CUST00600,0
CUST00601,0
CUST00602,0
CUST00603,0
CUST00604,0
CUST00605,0
CUST00606,0
CUST00607,0
CUST00608,0
CUST00609,0
CUST00610,1
CUST00611,0
CUST00612,0
CUST00613,1
CUST00614,0
CUST00615,0
CUST00616,1
CUST00617,0
CUST00618,0
CUST00619,0
CUST00620,1
CUST00621,0
CUST00622,0
CUST00623,0
CUST00624,0
CUST00625,1
CUST00626,0
CUST00627,0
CUST00628,1
CUST00629,0
CUST00630,0
CUST00631,1
CUST00632,0
CUST00633,0
CUST00634,0
CUST00635,0
CUST00636,0
CUST00637,0
CUST00638,0
CUST00639,0
CUST00640,0
CUST00641,0
CUST00642,0
CUST00643,0
CUST00644,0
CUST00645,0
CUST00646,0
CUST00647,1
CUST00648,1
CUST00649,0
CUST00650,0
CUST00651,0
CUST00652,0
CUST00653,1
CUST00654,0
CUST00655,0
CUST00656,0
CUST00657,0
CUST00658,0
CUST00659,1
CUST00660,1
CUST00661,0
CUST00662,1
CUST00663,1
CUST00664,0
CUST00665,0
CUST00666,0
CUST00667,0
CUST00668,0
CUST00669,0
CUST00670,0
CUST00671,0
CUST00672,0
CUST00673,0
CUST00674,0
CUST00675,0
CUST00676,1
CUST00677,0
CUST00678,0
CUST00679,1
CUST00680,0
CUST00681,0
CUST00682,0
CUST00683,0
CUST00684,1
CUST00685,1
CUST00686,1
CUST00687,1
CUST00688,0
CUST00689,0
CUST00690,0
CUST00691,0
CUST00692,0
CUST00693,0
CUST00694,0
CUST00695,0
CUST00696,1
CUST00697,0
CUST00698,1
CUST00699,0
CUST00700,0
CUST00701,0
CUST00702,0
CUST00703,0
CUST00704,0
CUST00705,0
CUST00706,1
CUST00707,0
CUST00708,0
CUST00709,0
CUST00710,1
CUST00711,0
CUST00712,1
CUST00713,0
CUST00714,0
CUST00715,0
CUST00716,1
CUST00717,0
CUST00718,1
CUST00719,0
CUST00720,1
CUST00721,1
CUST00722,0
CUST00723,0
CUST00724,0
CUST00725,1
CUST00726,0
CUST00727,0
CUST00728,0
CUST00729,0
CUST00730,0
CUST00731,0
CUST00732,0
CUST00733,1
CUST00734,0
CUST00735,0
CUST00736,0
CUST00737,0
CUST00738,0
CUST00739,0
CUST00740,1
CUST00741,0
CUST00742,0
CUST00743,1
CUST00744,0
CUST00745,0
CUST00746,0
CUST00747,0
CUST00748,0
CUST00749,1
CUST00750,1
CUST00751,0
CUST00752,1
CUST00753,1
CUST00754,0
CUST00755,0
CUST00756,0
CUST00757,0
CUST00758,0
CUST00759,0
CUST00760,0
CUST00761,0
CUST00762,0
CUST00763,0
CUST00764,1
CUST00765,0
CUST00766,1
CUST00767,0
CUST00768,0
CUST00769,0
CUST00770,0
CUST00771,0
CUST00772,0
CUST00773,0
CUST00774,0
CUST00775,0
CUST00776,0
CUST00777,0
CUST00778,1
CUST00779,1
CUST00780,1
CUST00781,1
CUST00782,0
CUST00783,0
CUST00784,0
CUST00785,0
CUST00786,1
CUST00787,1
CUST00788,0
CUST00789,0
CUST00790,1
CUST00791,0
CUST00792,1
CUST00793,0
CUST00794,1
CUST00795,0
CUST00796,0
CUST00797,1
CUST00798,1
CUST00799,0
CUST00800,1
CUST00801,1
CUST00802,0
CUST00803,1
CUST00804,1
CUST00805,0
CUST00806,1
CUST00807,1
CUST00808,1
CUST00809,0
CUST00810,0
CUST00811,1
CUST00812,0
CUST00813,0
CUST00814,1
CUST00815,0
CUST00816,1
CUST00817,0
CUST00818,0
CUST00819,0
CUST00820,0
CUST00821,0
CUST00822,0
CUST00823,0
CUST00824,0
CUST00825,0
CUST00826,1
CUST00827,0
CUST00828,0
CUST00829,1
CUST00830,0
CUST00831,0
CUST00832,0
CUST00833,0
CUST00834,0
CUST00835,0
CUST00836,0
CUST00837,1
CUST00838,0
CUST00839,1
CUST00840,1
CUST00841,0
CUST00842,1
CUST00843,0
CUST00844,1
CUST00845,0
CUST00846,0
CUST00847,0
CUST00848,1
CUST00849,0
CUST00850,1
CUST00851,0
CUST00852,1
CUST00853,0
CUST00854,0
CUST00855,0
CUST00856,0
CUST00857,0
CUST00858,0
CUST00859,1
CUST00860,0
CUST00861,0
CUST00862,0
CUST00863,0
CUST00864,0
CUST00865,0
CUST00866,1
CUST00867,0
CUST00868,0
CUST00869,0
CUST00870,1
CUST00871,0
CUST00872,0
CUST00873,1
CUST00874,0
CUST00875,0
CUST00876,0
CUST00877,1
CUST00878,0
CUST00879,0
CUST00880,0
CUST00881,0
CUST00882,1
CUST00883,0
CUST00884,0
CUST00885,0
CUST00886,0
CUST00887,0
CUST00888,0
CUST00889,0
CUST00890,0
CUST00891,1
CUST00892,0
CUST00893,0
CUST00894,0
CUST00895,1
CUST00896,0
CUST00897,0
CUST00898,0
CUST00899,0
CUST00900,0
CUST00901,0
CUST00902,0
CUST00903,0
CUST00904,1
CUST00905,0
CUST00906,0
CUST00907,0
CUST00908,0
CUST00909,0
CUST00910,0
CUST00911,1
CUST00912,0
CUST00913,0
CUST00914,0
CUST00915,1
CUST00916,0
CUST00917,0
CUST00918,1
CUST00919,0
CUST00920,0
CUST00921,0
CUST00922,0
CUST00923,0
CUST00924,0
CUST00925,0
CUST00926,0
CUST00927,0
CUST00928,0
CUST00929,1
CUST00930,0
CUST00931,0
CUST00932,0
CUST00933,1
CUST00934,0
CUST00935,0
CUST00936,0
CUST00937,0
CUST00938,1
CUST00939,0
CUST00940,1
CUST00941,0
CUST00942,1
CUST00943,0
CUST00944,0
CUST00945,0
CUST00946,0
CUST00947,0
CUST00948,1
CUST00949,1
CUST00950,1
CUST00951,1
CUST00952,1
CUST00953,0
CUST00954,1
CUST00955,0
CUST00956,0
CUST00957,0
CUST00958,0
CUST00959,0
CUST00960,1
CUST00961,0
CUST00962,1
CUST00963,0
CUST00964,0
CUST00965,0
CUST00966,0
CUST00967,1
CUST00968,0
CUST00969,1
CUST00970,0
CUST00971,1
CUST00972,1
CUST00973,1
CUST00974,0
CUST00975,0
CUST00976,0
CUST00977,1
CUST00978,0
CUST00979,0
CUST00980,1
CUST00981,0
CUST00982,0
CUST00983,0
CUST00984,0
CUST00985,1
CUST00986,0
CUST00987,0
CUST00988,0
CUST00989,0
CUST00990,0
CUST00991,0
CUST00992,1
CUST00993,0
CUST00994,0
CUST00995,0
CUST00996,0
CUST00997,1
CUST00998,0
CUST00999,1
CUST01000,0
CUST01001,0
CUST01002,0
CUST01003,0
CUST01004,1
CUST01005,0
CUST01006,1
CUST01007,1
CUST01008,0
CUST01009,0
CUST01010,0
CUST01011,0
CUST01012,1
CUST01013,1
CUST01014,0
CUST01015,1
CUST01016,1
CUST01017,0
CUST01018,1
CUST01019,0
CUST01020,0
CUST01021,1
CUST01022,0
CUST01023,0
CUST01024,1
CUST01025,1
CUST01026,0
CUST01027,0
CUST01028,0
CUST01029,0
CUST01030,0
CUST01031,0
CUST01032,1
CUST01033,0
CUST01034,0
CUST01035,0
CUST01036,1
CUST01037,0
CUST01038,1
CUST01039,0
CUST01040,0
CUST01041,0
CUST01042,0
CUST01043,0
CUST01044,1
CUST01045,0
CUST01046,1
CUST01047,0
CUST01048,0
CUST01049,0
CUST01050,0
CUST01051,0
CUST01052,0
CUST01053,1
CUST01054,0
CUST01055,1
CUST01056,0
CUST01057,1
CUST01058,0
CUST01059,0
CUST01060,1
CUST01061,0
CUST01062,1
CUST01063,0
CUST01064,0
CUST01065,0
CUST01066,1
CUST01067,0
CUST01068,0
CUST01069,0
CUST01070,0
CUST01071,0
CUST01072,0
CUST01073,0
CUST01074,0
CUST01075,1
CUST01076,0
CUST01077,0
CUST01078,1
CUST01079,0
CUST01080,1
CUST01081,0
CUST01082,0
CUST01083,0
CUST01084,0
CUST01085,1
CUST01086,0
CUST01087,1
CUST01088,0
CUST01089,1
CUST01090,0
CUST01091,1
CUST01092,0
CUST01093,1
CUST01094,0
CUST01095,0
CUST01096,0
CUST01097,0
CUST01098,0
CUST01099,0
CUST01100,0
CUST01101,0
CUST01102,1
CUST01103,0
CUST01104,1
CUST01105,1
CUST01106,0
CUST01107,0
CUST01108,0
CUST01109,1
CUST01110,0
CUST01111,0
CUST01112,0
CUST01113,0
CUST01114,0
CUST01115,1
CUST01116,0
CUST01117,0
CUST01118,0
CUST01119,0
CUST01120,0
CUST01121,0
CUST01122,1
CUST01123,0
CUST01124,0
CUST01125,0
CUST01126,1
CUST01127,0
CUST01128,0
CUST01129,0
CUST01130,0
CUST01131,1
CUST01132,0
CUST01133,0
CUST01134,0
CUST01135,1
CUST01136,0
CUST01137,0
CUST01138,0
CUST01139,0
CUST01140,1
CUST01141,0
CUST01142,0
CUST01143,1
CUST01144,1
CUST01145,0
CUST01146,0
CUST01147,0
CUST01148,1
CUST01149,0
CUST01150,0
CUST01151,1
CUST01152,0
CUST01153,1
CUST01154,1
CUST01155,1
CUST01156,0
CUST01157,0
CUST01158,0
CUST01159,0
CUST01160,0
CUST01161,0
CUST01162,0
CUST01163,0
CUST01164,1
CUST01165,0
CUST01166,0
CUST01167,0
CUST01168,0
CUST01169,0
CUST01170,0
CUST01171,1
CUST01172,1
CUST01173,1
CUST01174,0
CUST01175,0
CUST01176,0
CUST01177,0
CUST01178,0
CUST01179,0
CUST01180,0
CUST01181,1
CUST01182,0
CUST01183,1
CUST01184,1
CUST01185,0
CUST01186,1
CUST01187,1
CUST01188,0
CUST01189,0
CUST01190,1
CUST01191,0
CUST01192,1
CUST01193,0
CUST01194,1
CUST01195,0
CUST01196,0
CUST01197,1
CUST01198,0
CUST01199,1
CUST01200,0
CUST01201,0
CUST01202,0
CUST01203,0
CUST01204,0
CUST01205,0
CUST01206,0
CUST01207,0
CUST01208,0
CUST01209,0
CUST01210,1
CUST01211,0
CUST01212,0
CUST01213,0
CUST01214,0
CUST01215,0
CUST01216,0
CUST01217,0
CUST01218,1
CUST01219,1
CUST01220,0
CUST01221,1
CUST01222,0
CUST01223,0
CUST01224,1
CUST01225,0
CUST01226,1
CUST01227,0
CUST01228,0
CUST01229,1
CUST01230,0
CUST01231,0
CUST01232,0
CUST01233,0
CUST01234,0
CUST01235,1
CUST01236,0
CUST01237,0
CUST01238,0
CUST01239,1
CUST01240,0
CUST01241,0
CUST01242,0
CUST01243,0
CUST01244,0
CUST01245,0
CUST01246,1
CUST01247,0
CUST01248,0
CUST01249,1
CUST01250,1
CUST01251,0
CUST01252,0
CUST01253,0
CUST01254,0
CUST01255,1
CUST01256,0
CUST01257,0
CUST01258,0
CUST01259,0
CUST01260,1
CUST01261,0
CUST01262,0
CUST01263,0
CUST01264,0
CUST01265,0
CUST01266,0
CUST01267,1
CUST01268,0
CUST01269,1
CUST01270,0
CUST01271,1
CUST01272,0
CUST01273,0
CUST01274,0
CUST01275,1
CUST01276,0
CUST01277,0
CUST01278,1
CUST01279,0
CUST01280,0
CUST01281,1
CUST01282,1
CUST01283,1
CUST01284,0
CUST01285,0
CUST01286,0
CUST01287,0
CUST01288,0
CUST01289,0
CUST01290,0
CUST01291,0
CUST01292,0
CUST01293,1
CUST01294,1
CUST01295,0
CUST01296,0
CUST01297,0
CUST01298,0
CUST01299,1
CUST01300,1
CUST01301,0
CUST01302,0
CUST01303,0
CUST01304,0
CUST01305,1
CUST01306,0
CUST01307,0
CUST01308,0
CUST01309,0
CUST01310,0
CUST01311,0
CUST01312,0
CUST01313,0
CUST01314,0
CUST01315,0
CUST01316,1
CUST01317,0
CUST01318,1
CUST01319,0
CUST01320,0
CUST01321,0
CUST01322,0
CUST01323,0
CUST01324,0
CUST01325,1
CUST01326,0
CUST01327,0
CUST01328,0
CUST01329,1
CUST01330,0
CUST01331,1
CUST01332,1
CUST01333,0
CUST01334,1
CUST01335,1
CUST01336,0
CUST01337,0
CUST01338,1
CUST01339,0
CUST01340,0
CUST01341,0
CUST01342,0
CUST01343,0
CUST01344,1
CUST01345,1
CUST01346,0
CUST01347,0
CUST01348,0
CUST01349,1
CUST01350,0
CUST01351,0
CUST01352,0
CUST01353,0
CUST01354,1
CUST01355,0
CUST01356,0
CUST01357,1
CUST01358,0
CUST01359,0
CUST01360,1
CUST01361,1
CUST01362,0
CUST01363,1
CUST01364,1
CUST01365,1
CUST01366,0
CUST01367,1
CUST01368,1
CUST01369,0
CUST01370,0
CUST01371,1
CUST01372,0
CUST01373,0
CUST01374,0
CUST01375,0
CUST01376,0
CUST01377,0
CUST01378,0
CUST01379,0
CUST01380,1
CUST01381,0
CUST01382,0
CUST01383,1
CUST01384,0
CUST01385,1
CUST01386,0
CUST01387,0
CUST01388,0
CUST01389,1
CUST01390,0
CUST01391,0
CUST01392,0
CUST01393,0
CUST01394,0
CUST01395,0
CUST01396,0
CUST01397,0
CUST01398,0
CUST01399,0
CUST01400,1
CUST01401,0
CUST01402,0
CUST01403,0
CUST01404,1
CUST01405,1
CUST01406,0
CUST01407,0
CUST01408,0
CUST01409,1
CUST01410,0
CUST01411,0
CUST01412,0
CUST01413,1
CUST01414,0
CUST01415,0
CUST01416,1
CUST01417,0
CUST01418,0
CUST01419,0
CUST01420,1
CUST01421,0
CUST01422,0
CUST01423,0
CUST01424,0
CUST01425,1
CUST01426,1
CUST01427,0
CUST01428,1
CUST01429,1
CUST01430,0
CUST01431,0
CUST01432,0
CUST01433,0
CUST01434,1
CUST01435,0
CUST01436,0
CUST01437,0
CUST01438,1
CUST01439,0
CUST01440,1
CUST01441,0
CUST01442,0
CUST01443,1
CUST01444,0
CUST01445,0
CUST01446,0
CUST01447,1
CUST01448,0
CUST01449,1
CUST01450,1
CUST01451,0
CUST01452,1
CUST01453,0
CUST01454,1
CUST01455,0
CUST01456,1
CUST01457,0
CUST01458,1
CUST01459,0
CUST01460,1
CUST01461,0
CUST01462,1
CUST01463,0
CUST01464,1
CUST01465,1
CUST01466,0
CUST01467,1
CUST01468,0
CUST01469,0
CUST01470,0
CUST01471,1
CUST01472,1
CUST01473,1
CUST01474,1
CUST01475,0
CUST01476,1
CUST01477,0
CUST01478,0
CUST01479,0
CUST01480,0
CUST01481,0
CUST01482,0
CUST01483,0
CUST01484,0
CUST01485,0
CUST01486,0
CUST01487,0
CUST01488,1
CUST01489,0
CUST01490,0
CUST01491,0
CUST01492,0
CUST01493,0
CUST01494,0
CUST01495,1
CUST01496,1
CUST01497,0
CUST01498,0
CUST01499,0
CUST01500,0
CUST01501,0
CUST01502,0
CUST01503,0
CUST01504,0
CUST01505,0
CUST01506,0
CUST01507,1
CUST01508,1
CUST01509,1
CUST01510,0
CUST01511,0
CUST01512,1
CUST01513,1
CUST01514,0
CUST01515,0
CUST01516,0
CUST01517,1
CUST01518,0
CUST01519,0
CUST01520,1
CUST01521,0
CUST01522,1
CUST01523,0
CUST01524,0
CUST01525,0
CUST01526,0
CUST01527,0
CUST01528,1
CUST01529,0
CUST01530,0
CUST01531,0
CUST01532,0
CUST01533,1
CUST01534,0
CUST01535,0
CUST01536,0
CUST01537,0
CUST01538,1
CUST01539,0
CUST01540,0
CUST01541,1
CUST01542,0
CUST01543,1
CUST01544,0
CUST01545,1
CUST01546,0
CUST01547,0
CUST01548,1
CUST01549,0
CUST01550,1
CUST01551,1
CUST01552,1
CUST01553,0
CUST01554,0
CUST01555,0
CUST01556,0
CUST01557,1
CUST01558,0
CUST01559,0
CUST01560,1
CUST01561,0
CUST01562,0
CUST01563,0
CUST01564,0
CUST01565,0
CUST01566,0
CUST01567,1
CUST01568,0
CUST01569,1
CUST01570,0
CUST01571,1
CUST01572,0
CUST01573,1
CUST01574,0
CUST01575,0
CUST01576,0
CUST01577,0
CUST01578,1
CUST01579,1
CUST01580,0
CUST01581,0
CUST01582,0
CUST01583,1
CUST01584,0
CUST01585,1
CUST01586,0
CUST01587,1
CUST01588,0
CUST01589,0
CUST01590,1
CUST01591,1
CUST01592,1
CUST01593,0
CUST01594,0
CUST01595,1
CUST01596,1
CUST01597,0
CUST01598,0
CUST01599,0
CUST01600,0
CUST01601,0
CUST01602,0
CUST01603,0
CUST01604,0
CUST01605,0
CUST01606,0
CUST01607,0
CUST01608,0
CUST01609,0
CUST01610,0
CUST01611,0
CUST01612,0
CUST01613,0
CUST01614,0
CUST01615,0
CUST01616,1
CUST01617,1
CUST01618,1
CUST01619,1
CUST01620,1
CUST01621,0
CUST01622,0
CUST01623,0
CUST01624,1
CUST01625,0
CUST01626,1
CUST01627,0
CUST01628,0
CUST01629,0
CUST01630,0
CUST01631,0
CUST01632,0
CUST01633,1
CUST01634,0
CUST01635,1
CUST01636,0
CUST01637,0
CUST01638,0
CUST01639,1
CUST01640,1
CUST01641,0
CUST01642,0
CUST01643,0
CUST01644,1
CUST01645,0
CUST01646,0
CUST01647,0
CUST01648,0
CUST01649,0
CUST01650,1
CUST01651,0
CUST01652,0
CUST01653,0
CUST01654,0
CUST01655,0
CUST01656,1
CUST01657,1
CUST01658,0
CUST01659,0
CUST01660,0
CUST01661,1
CUST01662,0
CUST01663,1
CUST01664,0
CUST01665,1
CUST01666,0
CUST01667,0
CUST01668,1
CUST01669,0
CUST01670,0
CUST01671,0
CUST01672,0
CUST01673,0
CUST01674,0
CUST01675,0
CUST01676,0
CUST01677,0
CUST01678,0
CUST01679,0
CUST01680,1
CUST01681,0
CUST01682,1
CUST01683,1
CUST01684,0
CUST01685,0
CUST01686,0
CUST01687,1
CUST01688,0
CUST01689,0
CUST01690,0
CUST01691,0
CUST01692,0
CUST01693,0
CUST01694,0
CUST01695,0
CUST01696,0
CUST01697,0
CUST01698,0
CUST01699,1
CUST01700,0
CUST01701,0
CUST01702,0
CUST01703,0
CUST01704,1
CUST01705,0
CUST01706,0
CUST01707,1
CUST01708,0
CUST01709,1
CUST01710,0
CUST01711,0
CUST01712,0
CUST01713,0
CUST01714,0
CUST01715,0
CUST01716,1
CUST01717,0
CUST01718,1
CUST01719,1
CUST01720,0
CUST01721,0
CUST01722,0
CUST01723,0
CUST01724,0
CUST01725,1
CUST01726,0
CUST01727,0
CUST01728,1
CUST01729,0
CUST01730,1
CUST01731,0
CUST01732,1
CUST01733,0
CUST01734,0
CUST01735,0
CUST01736,0
CUST01737,0
CUST01738,0
CUST01739,0
CUST01740,1
CUST01741,0
CUST01742,1
CUST01743,0
CUST01744,0
CUST01745,0
CUST01746,0
CUST01747,0
CUST01748,0
CUST01749,0
CUST01750,0
CUST01751,0
CUST01752,0
CUST01753,0
CUST01754,0
CUST01755,0
CUST01756,0
CUST01757,1
CUST01758,0
CUST01759,0
CUST01760,0
CUST01761,0
CUST01762,0
CUST01763,0
CUST01764,0
CUST01765,0
CUST01766,0
CUST01767,0
CUST01768,0
CUST01769,0
CUST01770,0
CUST01771,0
CUST01772,0
CUST01773,0
CUST01774,1
CUST01775,0
CUST01776,0
CUST01777,1
CUST01778,1
CUST01779,0
CUST01780,0
CUST01781,0
CUST01782,1
CUST01783,0
CUST01784,1
CUST01785,1
CUST01786,0
CUST01787,1
CUST01788,1
CUST01789,0
CUST01790,0
CUST01791,0
CUST01792,1
CUST01793,0
CUST01794,1
CUST01795,0
CUST01796,0
CUST01797,1
CUST01798,0
CUST01799,0
CUST01800,0
CUST01801,1
CUST01802,1
CUST01803,0
CUST01804,0
CUST01805,0
CUST01806,0
CUST01807,1
CUST01808,0
CUST01809,0
CUST01810,0
CUST01811,1
CUST01812,0
CUST01813,0
CUST01814,0
CUST01815,0
CUST01816,1
CUST01817,0
CUST01818,0
CUST01819,1
CUST01820,0
CUST01821,0
CUST01822,0
CUST01823,1
CUST01824,1
CUST01825,1
CUST01826,0
CUST01827,0
CUST01828,1
CUST01829,0
CUST01830,0
CUST01831,1
CUST01832,1
CUST01833,1
CUST01834,1
CUST01835,0
CUST01836,1
CUST01837,0
CUST01838,0
CUST01839,1
CUST01840,0
CUST01841,0
CUST01842,0
CUST01843,0
CUST01844,1
CUST01845,1
CUST01846,0
CUST01847,0
CUST01848,0
CUST01849,0
CUST01850,1
CUST01851,0
CUST01852,0
CUST01853,0
CUST01854,0
CUST01855,1
CUST01856,0
CUST01857,0
CUST01858,0
CUST01859,0
CUST01860,1
CUST01861,0
CUST01862,0
CUST01863,0
CUST01864,0
CUST01865,1
CUST01866,1
CUST01867,0
CUST01868,0
CUST01869,0
CUST01870,1
CUST01871,0
CUST01872,0
CUST01873,0
CUST01874,0
CUST01875,1
CUST01876,0
CUST01877,1
CUST01878,0
CUST01879,0
CUST01880,1
CUST01881,1
CUST01882,1
CUST01883,1
CUST01884,0
CUST01885,0
CUST01886,0
CUST01887,0
CUST01888,0
CUST01889,1
CUST01890,1
CUST01891,0
CUST01892,0
CUST01893,0
CUST01894,0
CUST01895,1
CUST01896,1
CUST01897,0
CUST01898,0
CUST01899,0
CUST01900,0
CUST01901,1
CUST01902,0
CUST01903,0
CUST01904,0
CUST01905,1
CUST01906,0
CUST01907,1
CUST01908,0
CUST01909,0
CUST01910,0
CUST01911,0
CUST01912,0
CUST01913,1
CUST01914,0
CUST01915,0
CUST01916,1
CUST01917,0
CUST01918,1
CUST01919,0
CUST01920,0
CUST01921,0
CUST01922,0
CUST01923,1
CUST01924,0
CUST01925,0
CUST01926,0
CUST01927,1
CUST01928,0
CUST01929,1
CUST01930,0
CUST01931,1
CUST01932,1
CUST01933,1
CUST01934,1
CUST01935,1
CUST01936,0
CUST01937,0
CUST01938,0
CUST01939,0
CUST01940,0
CUST01941,0
CUST01942,0
CUST01943,0
CUST01944,1
CUST01945,0
CUST01946,0
CUST01947,0
CUST01948,0
CUST01949,0
CUST01950,0
CUST01951,0
CUST01952,0
CUST01953,1
CUST01954,1
CUST01955,1
CUST01956,1
CUST01957,1
CUST01958,0
CUST01959,1
CUST01960,0
CUST01961,0
CUST01962,0
CUST01963,0
CUST01964,0
CUST01965,1
CUST01966,1
CUST01967,0
CUST01968,0
CUST01969,1
CUST01970,0
CUST01971,0
CUST01972,0
CUST01973,0
CUST01974,0
CUST01975,0
CUST01976,1
CUST01977,0
CUST01978,0
CUST01979,0
CUST01980,0
CUST01981,0
CUST01982,0
CUST01983,0
CUST01984,0
CUST01985,0
CUST01986,0
CUST01987,1
CUST01988,0
CUST01989,0
CUST01990,1
CUST01991,0
CUST01992,0
CUST01993,1
CUST01994,0
CUST01995,0
CUST01996,1
CUST01997,1
CUST01998,0
CUST01999,0
CUST02000,0
CUST02001,0
CUST02002,0
CUST02003,1
CUST02004,0
CUST02005,0
CUST02006,0
CUST02007,0
CUST02008,0
CUST02009,0
CUST02010,0
CUST02011,0
CUST02012,0
CUST02013,1
CUST02014,0
CUST02015,0
CUST02016,0
CUST02017,0
CUST02018,0
CUST02019,0
CUST02020,1
CUST02021,1
CUST02022,1
CUST02023,1
CUST02024,0
CUST02025,0
CUST02026,0
CUST02027,1
CUST02028,1
CUST02029,0
CUST02030,1
CUST02031,0
CUST02032,1
CUST02033,0
CUST02034,1
CUST02035,0
CUST02036,0
CUST02037,0
CUST02038,0
CUST02039,0
CUST02040,0
CUST02041,0
CUST02042,1
CUST02043,0
CUST02044,0
CUST02045,0
CUST02046,1
CUST02047,0
CUST02048,1
CUST02049,0
CUST02050,0
CUST02051,0
CUST02052,0
CUST02053,0
CUST02054,1
CUST02055,0
CUST02056,1
CUST02057,0
CUST02058,0
CUST02059,1
CUST02060,0
CUST02061,0
CUST02062,0
CUST02063,0
CUST02064,0
CUST02065,0
CUST02066,0
CUST02067,0
CUST02068,0
CUST02069,0
CUST02070,0
CUST02071,0
CUST02072,0
CUST02073,0
CUST02074,0
CUST02075,0
CUST02076,0
CUST02077,0
CUST02078,0
CUST02079,1
CUST02080,0
CUST02081,0
CUST02082,0
CUST02083,0
CUST02084,1
CUST02085,0
CUST02086,0
CUST02087,0
CUST02088,1
CUST02089,0
CUST02090,0
CUST02091,0
CUST02092,1
CUST02093,0
CUST02094,0
CUST02095,0
CUST02096,0
CUST02097,1
CUST02098,1
CUST02099,0
CUST02100,0
CUST02101,0
CUST02102,0
CUST02103,0
CUST02104,1
CUST02105,0
CUST02106,0
CUST02107,0
CUST02108,1
CUST02109,0
CUST02110,1
CUST02111,0
CUST02112,0
CUST02113,0
CUST02114,0
CUST02115,1
CUST02116,0
CUST02117,0
CUST02118,1
CUST02119,0
CUST02120,0
CUST02121,0
CUST02122,0
CUST02123,1
CUST02124,0
CUST02125,1
CUST02126,1
CUST02127,1
CUST02128,0
CUST02129,0
CUST02130,0
CUST02131,0
CUST02132,0
CUST02133,0
CUST02134,0
CUST02135,1
CUST02136,0
CUST02137,0
CUST02138,1
CUST02139,0
CUST02140,0
CUST02141,0
CUST02142,0
CUST02143,1
CUST02144,0
CUST02145,0
CUST02146,0
CUST02147,0
CUST02148,0
CUST02149,0
CUST02150,0
CUST02151,0
CUST02152,0
CUST02153,1
CUST02154,0
CUST02155,0
CUST02156,0
CUST02157,0
CUST02158,0
CUST02159,0
CUST02160,1
CUST02161,1
CUST02162,1
CUST02163,0
CUST02164,0
CUST02165,0
CUST02166,1
CUST02167,1
CUST02168,0
CUST02169,1
CUST02170,0
CUST02171,1
CUST02172,0
CUST02173,0
CUST02174,0
CUST02175,0
CUST02176,1
CUST02177,0
CUST02178,1
CUST02179,1
CUST02180,0
CUST02181,0
CUST02182,0
CUST02183,0
CUST02184,0
CUST02185,1
CUST02186,1
CUST02187,0
CUST02188,0
CUST02189,0
CUST02190,1
CUST02191,0
CUST02192,1
CUST02193,1
CUST02194,1
CUST02195,0
CUST02196,0
CUST02197,0
CUST02198,0
CUST02199,0
CUST02200,0
CUST02201,1
CUST02202,0
CUST02203,0
CUST02204,0
CUST02205,1
CUST02206,1
CUST02207,0
CUST02208,0
CUST02209,0
CUST02210,0
CUST02211,0
CUST02212,0
CUST02213,0
CUST02214,1
CUST02215,0
CUST02216,0
CUST02217,0
CUST02218,0
CUST02219,0
CUST02220,0
CUST02221,1
CUST02222,0
CUST02223,0
CUST02224,0
CUST02225,0
CUST02226,0
CUST02227,0
CUST02228,1
CUST02229,0
CUST02230,1
CUST02231,1
CUST02232,0
CUST02233,1
CUST02234,0
CUST02235,1
CUST02236,1
CUST02237,0
CUST02238,0
CUST02239,0
CUST02240,0
CUST02241,0
CUST02242,0
CUST02243,1
CUST02244,1
CUST02245,0
CUST02246,0
CUST02247,0
CUST02248,0
CUST02249,1
CUST02250,0
CUST02251,0
CUST02252,1
CUST02253,1
CUST02254,0
CUST02255,0
CUST02256,1
CUST02257,0
CUST02258,1
CUST02259,0
CUST02260,0
CUST02261,0
CUST02262,1
CUST02263,0
CUST02264,0
CUST02265,0
CUST02266,1
CUST02267,1
CUST02268,0
CUST02269,0
CUST02270,0
CUST02271,0
CUST02272,0
CUST02273,0
CUST02274,1
CUST02275,1
CUST02276,1
CUST02277,1
CUST02278,0
CUST02279,1
CUST02280,0
CUST02281,0
CUST02282,0
CUST02283,0
CUST02284,0
CUST02285,0
CUST02286,0
CUST02287,1
CUST02288,0
CUST02289,0
CUST02290,0
CUST02291,1
CUST02292,0
CUST02293,0
CUST02294,0
CUST02295,0
CUST02296,0
CUST02297,0
CUST02298,0
CUST02299,0
CUST02300,0
CUST02301,0
CUST02302,1
CUST02303,0
CUST02304,0
CUST02305,1
CUST02306,0
CUST02307,0
CUST02308,1
CUST02309,0
CUST02310,0
CUST02311,0
CUST02312,0
CUST02313,0
CUST02314,1
CUST02315,1
CUST02316,0
CUST02317,0
CUST02318,0
CUST02319,0
CUST02320,0
CUST02321,1
CUST02322,1
CUST02323,1
CUST02324,0
CUST02325,0
CUST02326,1
CUST02327,0
CUST02328,0
CUST02329,1
CUST02330,0
CUST02331,0
CUST02332,0
CUST02333,1
CUST02334,1
CUST02335,0
CUST02336,0
CUST02337,0
CUST02338,0
CUST02339,0
CUST02340,0
CUST02341,0
CUST02342,0
CUST02343,0
CUST02344,0
CUST02345,1
CUST02346,0
CUST02347,1
CUST02348,0
CUST02349,0
CUST02350,0
CUST02351,1
CUST02352,1
CUST02353,1
CUST02354,0
CUST02355,1
CUST02356,0
CUST02357,1
CUST02358,0
CUST02359,0
CUST02360,0
CUST02361,0
CUST02362,0
CUST02363,0
CUST02364,0
CUST02365,1
CUST02366,0
CUST02367,0
CUST02368,1
CUST02369,0
CUST02370,1
CUST02371,0
CUST02372,0
CUST02373,0
CUST02374,0
CUST02375,1
CUST02376,0
CUST02377,0
CUST02378,0
CUST02379,0
CUST02380,0
CUST02381,0
CUST02382,0
CUST02383,0
CUST02384,1
CUST02385,0
CUST02386,0
CUST02387,0
CUST02388,1
CUST02389,1
CUST02390,1
CUST02391,0
CUST02392,0
CUST02393,0
CUST02394,0
CUST02395,0
CUST02396,0
CUST02397,0
CUST02398,0
CUST02399,1
CUST02400,1
CUST02401,0
CUST02402,0
CUST02403,0
CUST02404,0
CUST02405,1
CUST02406,0
CUST02407,0
CUST02408,0
CUST02409,1
CUST02410,0
CUST02411,1
CUST02412,0
CUST02413,0
CUST02414,0
CUST02415,0
CUST02416,1
CUST02417,0
CUST02418,0
CUST02419,0
CUST02420,0
CUST02421,0
CUST02422,0
CUST02423,0
CUST02424,0
CUST02425,0
CUST02426,1
CUST02427,0
CUST02428,1
CUST02429,0
CUST02430,0
CUST02431,1
CUST02432,0
CUST02433,1
CUST02434,0
CUST02435,1
CUST02436,0
CUST02437,0
CUST02438,1
CUST02439,0
CUST02440,0
CUST02441,1
CUST02442,0
CUST02443,0
CUST02444,0
CUST02445,0
CUST02446,0
CUST02447,0
CUST02448,0
CUST02449,0
CUST02450,0
CUST02451,0
CUST02452,1
CUST02453,1
CUST02454,0
CUST02455,1
CUST02456,0
CUST02457,0
CUST02458,1
CUST02459,0
CUST02460,0
CUST02461,1
CUST02462,0
CUST02463,1
CUST02464,1
CUST02465,1
CUST02466,0
CUST02467,0
CUST02468,0
CUST02469,0
CUST02470,0
CUST02471,0
CUST02472,1
CUST02473,0
CUST02474,1
CUST02475,0
CUST02476,0
CUST02477,0
CUST02478,0
CUST02479,0
CUST02480,0
CUST02481,0
CUST02482,0
CUST02483,1
CUST02484,0
CUST02485,0
CUST02486,1
CUST02487,0
CUST02488,0
CUST02489,0
CUST02490,0
CUST02491,0
CUST02492,0
CUST02493,0
CUST02494,0
CUST02495,0
CUST02496,0
CUST02497,1
CUST02498,0
CUST02499,1
CUST02500,0
CUST02501,0
CUST02502,0
CUST02503,1
CUST02504,1
CUST02505,0
CUST02506,0
CUST02507,0
CUST02508,0
CUST02509,0
CUST02510,0
CUST02511,0
CUST02512,1
CUST02513,0
CUST02514,0
CUST02515,1
CUST02516,1
CUST02517,0
CUST02518,0
CUST02519,1
CUST02520,1
CUST02521,1
CUST02522,0
CUST02523,0
CUST02524,0
CUST02525,0
CUST02526,0
CUST02527,0
CUST02528,1
CUST02529,0
CUST02530,1
CUST02531,0
CUST02532,0
CUST02533,1
CUST02534,0
CUST02535,1
CUST02536,0
CUST02537,1
CUST02538,0
CUST02539,1
CUST02540,0
CUST02541,1
CUST02542,0
CUST02543,0
CUST02544,1
CUST02545,0
CUST02546,0
CUST02547,0
CUST02548,0
CUST02549,0
CUST02550,0
CUST02551,0
CUST02552,0
CUST02553,0
CUST02554,1
CUST02555,0
CUST02556,0
CUST02557,0
CUST02558,0
CUST02559,0
CUST02560,0
CUST02561,0
CUST02562,1
CUST02563,0
CUST02564,0
CUST02565,0
CUST02566,0
CUST02567,0
CUST02568,0
CUST02569,0
CUST02570,1
CUST02571,0
CUST02572,1
CUST02573,0
CUST02574,0
CUST02575,0
CUST02576,1
CUST02577,0
CUST02578,1
CUST02579,0
CUST02580,1
CUST02581,0
CUST02582,0
CUST02583,0
CUST02584,0
CUST02585,1
CUST02586,1
CUST02587,0
CUST02588,1
CUST02589,0
CUST02590,1
CUST02591,0
CUST02592,0
CUST02593,1
CUST02594,1
CUST02595,0
CUST02596,0
CUST02597,0
CUST02598,0
CUST02599,0
CUST02600,0
CUST02601,1
CUST02602,0
CUST02603,1
CUST02604,0
CUST02605,0
CUST02606,0
CUST02607,0
CUST02608,0
CUST02609,1
CUST02610,0
CUST02611,0
CUST02612,0
CUST02613,0
CUST02614,1
CUST02615,0
CUST02616,0
CUST02617,0
CUST02618,0
CUST02619,0
CUST02620,0
CUST02621,0
CUST02622,1
CUST02623,0
CUST02624,0
CUST02625,1
CUST02626,1
CUST02627,0
CUST02628,1
CUST02629,0
CUST02630,1
CUST02631,1
CUST02632,1
CUST02633,0
CUST02634,0
CUST02635,0
CUST02636,1
CUST02637,1
CUST02638,0
CUST02639,1
CUST02640,1
CUST02641,0
CUST02642,0
CUST02643,0
CUST02644,1
CUST02645,0
CUST02646,0
CUST02647,1
CUST02648,0
CUST02649,0
CUST02650,0
CUST02651,0
CUST02652,0
CUST02653,0
CUST02654,0
CUST02655,0
CUST02656,0
CUST02657,0
CUST02658,0
CUST02659,0
CUST02660,1
CUST02661,0
CUST02662,0
CUST02663,0
CUST02664,1
CUST02665,1
CUST02666,0
CUST02667,0
CUST02668,1
CUST02669,1
CUST02670,1
CUST02671,0
CUST02672,0
CUST02673,1
CUST02674,0
CUST02675,0
CUST02676,0
CUST02677,0
CUST02678,0
CUST02679,0
CUST02680,0
CUST02681,0
CUST02682,0
CUST02683,0
CUST02684,1
CUST02685,0
CUST02686,0
CUST02687,0
CUST02688,0
CUST02689,0
CUST02690,0
CUST02691,0
CUST02692,1
CUST02693,0
CUST02694,0
CUST02695,1
CUST02696,0
CUST02697,1
CUST02698,1
CUST02699,0
CUST02700,0
CUST02701,0
CUST02702,1
CUST02703,0
CUST02704,0
CUST02705,0
CUST02706,0
CUST02707,0
CUST02708,0
CUST02709,0
CUST02710,0
CUST02711,0
CUST02712,0
CUST02713,0
CUST02714,0
CUST02715,0
CUST02716,0
CUST02717,1
CUST02718,1
CUST02719,0
CUST02720,0
CUST02721,0
CUST02722,0
CUST02723,0
CUST02724,0
CUST02725,0
CUST02726,0
CUST02727,0
CUST02728,0
CUST02729,0
CUST02730,0
CUST02731,1
CUST02732,0
CUST02733,0
CUST02734,1
CUST02735,1
CUST02736,0
CUST02737,1
CUST02738,0
CUST02739,1
CUST02740,0
CUST02741,0
CUST02742,0
CUST02743,0
CUST02744,0
CUST02745,1
CUST02746,0
CUST02747,1
CUST02748,0
CUST02749,0
CUST02750,1
CUST02751,0
CUST02752,1
CUST02753,0
CUST02754,0
CUST02755,1
CUST02756,0
CUST02757,0
CUST02758,0
CUST02759,1
CUST02760,0
CUST02761,0
CUST02762,0
CUST02763,1
CUST02764,0
CUST02765,0
CUST02766,1
CUST02767,0
CUST02768,0
CUST02769,0
CUST02770,1
CUST02771,0
CUST02772,0
CUST02773,0
CUST02774,0
CUST02775,0
CUST02776,0
CUST02777,0
CUST02778,0
CUST02779,0
CUST02780,0
CUST02781,0
CUST02782,0
CUST02783,1
CUST02784,0
CUST02785,0
CUST02786,0
CUST02787,1
CUST02788,0
CUST02789,1
CUST02790,1
CUST02791,1
CUST02792,1
CUST02793,1
CUST02794,0
CUST02795,0
CUST02796,0
CUST02797,0
CUST02798,1
CUST02799,1
CUST02800,0
CUST02801,0
CUST02802,1
CUST02803,1
CUST02804,1
CUST02805,0
CUST02806,1
CUST02807,0
CUST02808,0
CUST02809,0
CUST02810,1
CUST02811,0
CUST02812,1
CUST02813,1
CUST02814,0
CUST02815,1
CUST02816,0
CUST02817,0
CUST02818,0
CUST02819,0
CUST02820,1
CUST02821,1
CUST02822,0
CUST02823,1
CUST02824,0
CUST02825,0
CUST02826,0
CUST02827,0
CUST02828,0
CUST02829,0
CUST02830,0
CUST02831,0
CUST02832,1
CUST02833,0
CUST02834,0
CUST02835,0
CUST02836,1
CUST02837,1
CUST02838,0
CUST02839,0
CUST02840,0
CUST02841,0
CUST02842,0
CUST02843,1
CUST02844,1
CUST02845,1
CUST02846,0
CUST02847,0
CUST02848,0
CUST02849,1
CUST02850,0
CUST02851,1
CUST02852,0
CUST02853,0
CUST02854,1
CUST02855,0
CUST02856,0
CUST02857,0
CUST02858,0
CUST02859,0
CUST02860,0
CUST02861,0
CUST02862,0
CUST02863,1
CUST02864,1
CUST02865,0
CUST02866,1
CUST02867,0
CUST02868,0
CUST02869,0
CUST02870,0
CUST02871,0
CUST02872,1
CUST02873,0
CUST02874,1
CUST02875,0
CUST02876,0
CUST02877,0
CUST02878,0
CUST02879,1
CUST02880,0
CUST02881,0
CUST02882,0
CUST02883,0
CUST02884,0
CUST02885,0
CUST02886,1
CUST02887,0
CUST02888,0
CUST02889,0
CUST02890,0
CUST02891,0
CUST02892,1
CUST02893,0
CUST02894,1
CUST02895,0
CUST02896,0
CUST02897,0
CUST02898,0
CUST02899,0
CUST02900,0
CUST02901,0
CUST02902,1
CUST02903,0
CUST02904,0
CUST02905,0
CUST02906,0
CUST02907,1
CUST02908,0
CUST02909,0
CUST02910,0
CUST02911,0
CUST02912,0
CUST02913,1
CUST02914,1
CUST02915,0
CUST02916,1
CUST02917,1
CUST02918,0
CUST02919,0
CUST02920,0
CUST02921,0
CUST02922,1
CUST02923,0
CUST02924,0
CUST02925,0
CUST02926,1
CUST02927,0
CUST02928,1
CUST02929,0
CUST02930,0
CUST02931,1
CUST02932,0
CUST02933,0
CUST02934,1
CUST02935,1
CUST02936,0
CUST02937,0
CUST02938,1
CUST02939,1
CUST02940,0
CUST02941,0
CUST02942,1
CUST02943,0
CUST02944,1
CUST02945,0
CUST02946,0
CUST02947,0
CUST02948,0
CUST02949,0
CUST02950,1
CUST02951,0
CUST02952,1
CUST02953,1
CUST02954,0
CUST02955,1
CUST02956,1
CUST02957,1
CUST02958,0
CUST02959,0
CUST02960,0
CUST02961,0
CUST02962,0
CUST02963,0
CUST02964,1
CUST02965,0
CUST02966,1
CUST02967,1
CUST02968,1
CUST02969,1
CUST02970,0
CUST02971,0
CUST02972,0
CUST02973,0
CUST02974,1
CUST02975,0
CUST02976,0
CUST02977,0
CUST02978,0
CUST02979,1
CUST02980,1
CUST02981,0
CUST02982,0
CUST02983,1
CUST02984,0
CUST02985,0
CUST02986,1
CUST02987,0
CUST02988,0
CUST02989,1
CUST02990,0
CUST02991,0
CUST02992,0
CUST02993,1
CUST02994,0
CUST02995,0
CUST02996,0
CUST02997,0
CUST02998,0
CUST02999,0
CUST03000,1
CUST03001,1
CUST03002,0
CUST03003,0
CUST03004,1
CUST03005,1
CUST03006,1
CUST03007,1
CUST03008,0
CUST03009,1
CUST03010,0
CUST03011,0
CUST03012,0
CUST03013,0
CUST03014,0
CUST03015,0
CUST03016,0
CUST03017,1
CUST03018,0
CUST03019,0
CUST03020,0
CUST03021,0
CUST03022,0
CUST03023,1
CUST03024,0
CUST03025,0
CUST03026,0
CUST03027,1
CUST03028,0
CUST03029,1
CUST03030,1
CUST03031,0
CUST03032,0
CUST03033,0
CUST03034,0
CUST03035,0
CUST03036,0
CUST03037,0
CUST03038,1
CUST03039,0
CUST03040,0
CUST03041,0
CUST03042,0
CUST03043,0
CUST03044,0
CUST03045,1
CUST03046,1
CUST03047,0
CUST03048,0
CUST03049,0
CUST03050,0
CUST03051,0
CUST03052,0
CUST03053,0
CUST03054,0
CUST03055,1
CUST03056,1
CUST03057,0
CUST03058,0
CUST03059,0
CUST03060,1
CUST03061,0
CUST03062,0
CUST03063,1
CUST03064,1
CUST03065,1
CUST03066,0
CUST03067,0
CUST03068,1
CUST03069,0
CUST03070,1
CUST03071,1
CUST03072,1
CUST03073,0
CUST03074,0
CUST03075,1
CUST03076,0
CUST03077,1
CUST03078,0
CUST03079,0
CUST03080,0
CUST03081,0
CUST03082,0
CUST03083,0
CUST03084,1
CUST03085,0
CUST03086,1
CUST03087,0
CUST03088,0
CUST03089,1
CUST03090,0
CUST03091,0
CUST03092,1
CUST03093,0
CUST03094,0
CUST03095,0
CUST03096,1
CUST03097,1
CUST03098,0
CUST03099,0
CUST03100,0
CUST03101,0
CUST03102,1
CUST03103,1
CUST03104,0
CUST03105,0
CUST03106,0
CUST03107,0
CUST03108,0
CUST03109,1
CUST03110,1
CUST03111,1
CUST03112,0
CUST03113,1
CUST03114,0
CUST03115,0
CUST03116,0
CUST03117,0
CUST03118,0
CUST03119,0
CUST03120,0
CUST03121,0
CUST03122,0
CUST03123,0
CUST03124,0
CUST03125,1
CUST03126,1
CUST03127,1
CUST03128,0
CUST03129,1
CUST03130,0
CUST03131,1
CUST03132,0
CUST03133,1
CUST03134,0
CUST03135,0
CUST03136,1
CUST03137,1
CUST03138,1
CUST03139,0
CUST03140,0
CUST03141,0
CUST03142,1
CUST03143,1
CUST03144,0
CUST03145,0
CUST03146,0
CUST03147,0
CUST03148,1
CUST03149,0
CUST03150,0
CUST03151,1
CUST03152,0
CUST03153,1
CUST03154,0
CUST03155,0
CUST03156,1
CUST03157,1
CUST03158,0
CUST03159,0
CUST03160,0
CUST03161,1
CUST03162,0
CUST03163,0
CUST03164,1
CUST03165,0
CUST03166,0
CUST03167,1
CUST03168,0
CUST03169,0
CUST03170,0
CUST03171,1
CUST03172,0
CUST03173,0
CUST03174,0
CUST03175,0
CUST03176,0
CUST03177,1
CUST03178,0
CUST03179,0
CUST03180,1
CUST03181,0
CUST03182,0
CUST03183,0
CUST03184,0
CUST03185,0
CUST03186,0
CUST03187,1
CUST03188,0
CUST03189,0
CUST03190,0
CUST03191,0
CUST03192,1
CUST03193,1
CUST03194,0
CUST03195,0
CUST03196,0
CUST03197,1
CUST03198,0
CUST03199,0
CUST03200,0
CUST03201,1
CUST03202,0
CUST03203,0
CUST03204,0
CUST03205,1
CUST03206,0
CUST03207,0
CUST03208,1
CUST03209,0
CUST03210,1
CUST03211,0
CUST03212,1
CUST03213,0
CUST03214,1
CUST03215,0
CUST03216,0
CUST03217,0
CUST03218,0
CUST03219,1
CUST03220,0
CUST03221,0
CUST03222,0
CUST03223,0
CUST03224,0
CUST03225,0
CUST03226,0
CUST03227,0
CUST03228,0
CUST03229,0
CUST03230,0
CUST03231,0
CUST03232,1
CUST03233,0
CUST03234,0
CUST03235,0
CUST03236,0
CUST03237,0
CUST03238,1
CUST03239,1
CUST03240,1
CUST03241,0
CUST03242,0
CUST03243,0
CUST03244,1
CUST03245,1
CUST03246,0
CUST03247,0
CUST03248,0
CUST03249,0
CUST03250,1
CUST03251,0
CUST03252,0
CUST03253,0
CUST03254,0
CUST03255,0
CUST03256,0
CUST03257,1
CUST03258,0
CUST03259,0
CUST03260,0
CUST03261,0
CUST03262,0
CUST03263,0
CUST03264,0
CUST03265,0
CUST03266,0
CUST03267,0
CUST03268,1
CUST03269,0
CUST03270,1
CUST03271,0
CUST03272,0
CUST03273,1
CUST03274,0
CUST03275,0
CUST03276,0
CUST03277,0
CUST03278,0
CUST03279,0
CUST03280,0
CUST03281,0
CUST03282,0
CUST03283,0
CUST03284,0
CUST03285,0
CUST03286,0
CUST03287,0
CUST03288,0
CUST03289,1
CUST03290,0
CUST03291,0
CUST03292,0
CUST03293,0
CUST03294,0
CUST03295,1
CUST03296,0
CUST03297,1
CUST03298,0
CUST03299,0
CUST03300,0
CUST03301,0
CUST03302,1
CUST03303,1
CUST03304,0
CUST03305,0
CUST03306,0
CUST03307,0
CUST03308,0
CUST03309,0
CUST03310,0
CUST03311,1
CUST03312,1
CUST03313,0
CUST03314,0
CUST03315,0
CUST03316,1
CUST03317,0
CUST03318,0
CUST03319,0
CUST03320,0
CUST03321,0
CUST03322,0
CUST03323,0
CUST03324,1
CUST03325,0
CUST03326,0
CUST03327,0
CUST03328,0
CUST03329,0
CUST03330,0
CUST03331,1
CUST03332,1
CUST03333,0
CUST03334,0
CUST03335,0
CUST03336,1
CUST03337,1
CUST03338,0
CUST03339,1
CUST03340,1
CUST03341,0
CUST03342,1
CUST03343,1
CUST03344,0
CUST03345,0
CUST03346,1
CUST03347,0
CUST03348,0
CUST03349,0
CUST03350,0
CUST03351,0
CUST03352,0
CUST03353,1
CUST03354,0
CUST03355,0
CUST03356,0
CUST03357,1
CUST03358,0
CUST03359,0
CUST03360,1
CUST03361,0
CUST03362,0
CUST03363,1
CUST03364,0
CUST03365,1
CUST03366,1
CUST03367,0
CUST03368,0
CUST03369,0
CUST03370,1
CUST03371,0
CUST03372,1
CUST03373,0
CUST03374,1
CUST03375,0
CUST03376,0
CUST03377,0
CUST03378,0
CUST03379,0
CUST03380,1
CUST03381,0
CUST03382,0
CUST03383,0
CUST03384,0
CUST03385,0
CUST03386,0
CUST03387,0
CUST03388,1
CUST03389,0
CUST03390,1
CUST03391,0
CUST03392,0
CUST03393,0
CUST03394,0
CUST03395,1
CUST03396,1
CUST03397,0
CUST03398,0
CUST03399,0
CUST03400,0
CUST03401,0
CUST03402,0
CUST03403,1
CUST03404,0
CUST03405,1
CUST03406,0
CUST03407,0
CUST03408,1
CUST03409,0
CUST03410,0
CUST03411,0
CUST03412,0
CUST03413,0
CUST03414,0
CUST03415,0
CUST03416,1
CUST03417,0
CUST03418,1
CUST03419,0
CUST03420,0
CUST03421,0
CUST03422,1
CUST03423,0
CUST03424,0
CUST03425,0
CUST03426,1
CUST03427,1
CUST03428,1
CUST03429,0
CUST03430,1
CUST03431,1
CUST03432,1
CUST03433,0
CUST03434,0
CUST03435,0
CUST03436,0
CUST03437,0
CUST03438,1
CUST03439,1
CUST03440,1
CUST03441,0
CUST03442,0
CUST03443,0
CUST03444,1
CUST03445,1
CUST03446,0
CUST03447,0
CUST03448,1
CUST03449,1
CUST03450,0
CUST03451,0
CUST03452,1
CUST03453,1
CUST03454,0
CUST03455,1
CUST03456,0
CUST03457,1
CUST03458,1
CUST03459,1
CUST03460,1
CUST03461,0
CUST03462,0
CUST03463,1
CUST03464,0
CUST03465,0
CUST03466,0
CUST03467,0
CUST03468,1
CUST03469,0
CUST03470,0
CUST03471,0
CUST03472,0
CUST03473,0
CUST03474,1
CUST03475,0
CUST03476,0
CUST03477,1
CUST03478,0
CUST03479,0
CUST03480,0
CUST03481,0
CUST03482,0
CUST03483,0
CUST03484,1
CUST03485,1
CUST03486,1
CUST03487,0
CUST03488,0
CUST03489,0
CUST03490,0
CUST03491,0
CUST03492,1
CUST03493,0
CUST03494,0
CUST03495,1
CUST03496,0
CUST03497,0
CUST03498,0
CUST03499,0
CUST03500,1
CUST03501,0
CUST03502,0
CUST03503,1
CUST03504,0
CUST03505,0
CUST03506,1
CUST03507,1
CUST03508,0
CUST03509,0
CUST03510,0
CUST03511,0
CUST03512,0
CUST03513,1
CUST03514,0
CUST03515,0
CUST03516,1
CUST03517,0
CUST03518,0
CUST03519,0
CUST03520,0
CUST03521,0
CUST03522,0
CUST03523,0
CUST03524,0
CUST03525,0
CUST03526,0
CUST03527,1
CUST03528,0
CUST03529,1
CUST03530,0
CUST03531,0
CUST03532,1
CUST03533,0
CUST03534,0
CUST03535,0
CUST03536,0
CUST03537,0
CUST03538,0
CUST03539,1
CUST03540,0
CUST03541,0
CUST03542,0
CUST03543,0
CUST03544,0
CUST03545,0
CUST03546,0
CUST03547,0
CUST03548,0
CUST03549,0
CUST03550,1
CUST03551,0
CUST03552,0
CUST03553,1
CUST03554,0
CUST03555,0
CUST03556,1
CUST03557,0
CUST03558,0
CUST03559,0
CUST03560,0
CUST03561,0
CUST03562,0
CUST03563,0
CUST03564,0
CUST03565,0
CUST03566,1
CUST03567,1
CUST03568,1
CUST03569,0
CUST03570,0
CUST03571,0
CUST03572,0
CUST03573,0
CUST03574,1
CUST03575,0
CUST03576,0
CUST03577,0
CUST03578,0
CUST03579,1
CUST03580,1
CUST03581,0
CUST03582,0
CUST03583,0
CUST03584,0
CUST03585,0
CUST03586,0
CUST03587,0
CUST03588,0
CUST03589,0
CUST03590,0
CUST03591,1
CUST03592,0
CUST03593,1
CUST03594,1
CUST03595,0
CUST03596,0
CUST03597,0
CUST03598,1
CUST03599,0
CUST03600,1
CUST03601,0
CUST03602,1
CUST03603,0
CUST03604,0
CUST03605,0
CUST03606,0
CUST03607,0
CUST03608,0
CUST03609,1
CUST03610,1
CUST03611,1
CUST03612,0
CUST03613,0
CUST03614,0
CUST03615,0
CUST03616,0
CUST03617,1
CUST03618,0
CUST03619,1
CUST03620,0
CUST03621,1
CUST03622,0
CUST03623,0
CUST03624,0
CUST03625,0
CUST03626,0
CUST03627,0
CUST03628,0
CUST03629,0
CUST03630,0
CUST03631,0
CUST03632,0
CUST03633,0
CUST03634,0
CUST03635,0
CUST03636,0
CUST03637,1
CUST03638,0
CUST03639,0
CUST03640,0
CUST03641,0
CUST03642,1
CUST03643,0
CUST03644,0
CUST03645,0
CUST03646,0
CUST03647,0
CUST03648,1
CUST03649,1
CUST03650,0
CUST03651,0
CUST03652,0
CUST03653,0
CUST03654,0
CUST03655,0
CUST03656,0
CUST03657,0
CUST03658,0
CUST03659,0
CUST03660,1
CUST03661,0
CUST03662,0
CUST03663,0
CUST03664,0
CUST03665,1
CUST03666,0
CUST03667,0
CUST03668,0
CUST03669,0
CUST03670,0
CUST03671,0
CUST03672,0
CUST03673,1
CUST03674,0
CUST03675,1
CUST03676,0
CUST03677,0
CUST03678,0
CUST03679,0
CUST03680,0
CUST03681,0
CUST03682,0
CUST03683,1
CUST03684,0
CUST03685,1
CUST03686,1
CUST03687,1
CUST03688,0
CUST03689,0
CUST03690,0
CUST03691,0
CUST03692,0
CUST03693,0
CUST03694,0
CUST03695,0
CUST03696,0
CUST03697,1
CUST03698,0
CUST03699,1
CUST03700,0
CUST03701,0
CUST03702,1
CUST03703,0
CUST03704,0
CUST03705,1
CUST03706,0
CUST03707,0
CUST03708,0
CUST03709,0
CUST03710,1
CUST03711,0
CUST03712,1
CUST03713,1
CUST03714,1
CUST03715,1
CUST03716,0
CUST03717,0
CUST03718,0
CUST03719,0
CUST03720,0
CUST03721,0
CUST03722,0
CUST03723,0
CUST03724,0
CUST03725,0
CUST03726,0
CUST03727,0
CUST03728,0
CUST03729,0
CUST03730,1
CUST03731,0
CUST03732,1
CUST03733,0
CUST03734,0
CUST03735,0
CUST03736,0
CUST03737,1
CUST03738,0
CUST03739,0
CUST03740,1
CUST03741,0
CUST03742,0
CUST03743,0
CUST03744,0
CUST03745,0
CUST03746,0
CUST03747,1
CUST03748,0
CUST03749,0
CUST03750,0
CUST03751,0
CUST03752,1
CUST03753,0
CUST03754,1
CUST03755,0
CUST03756,0
CUST03757,0
CUST03758,0
CUST03759,0
CUST03760,0
CUST03761,0
CUST03762,1
CUST03763,0
CUST03764,0
CUST03765,0
CUST03766,0
CUST03767,1
CUST03768,0
CUST03769,0
CUST03770,0
CUST03771,0
CUST03772,1
CUST03773,0
CUST03774,0
CUST03775,1
CUST03776,1
CUST03777,0
CUST03778,1
CUST03779,0
CUST03780,0
CUST03781,0
CUST03782,0
CUST03783,0
CUST03784,0
CUST03785,0
CUST03786,0
CUST03787,1
CUST03788,0
CUST03789,0
CUST03790,1
CUST03791,0
CUST03792,0
CUST03793,1
CUST03794,1
CUST03795,0
CUST03796,1
CUST03797,0
CUST03798,0
CUST03799,0
CUST03800,1
CUST03801,0
CUST03802,1
CUST03803,0
CUST03804,1
CUST03805,0
CUST03806,1
CUST03807,0
CUST03808,0
CUST03809,0
CUST03810,0
CUST03811,1
CUST03812,0
CUST03813,0
CUST03814,1
CUST03815,0
CUST03816,1
CUST03817,0
CUST03818,0
CUST03819,0
CUST03820,0
CUST03821,0
CUST03822,0
CUST03823,0
CUST03824,0
CUST03825,0
CUST03826,0
CUST03827,1
CUST03828,1
CUST03829,0
CUST03830,0
CUST03831,0
CUST03832,1
CUST03833,0
CUST03834,0
CUST03835,0
CUST03836,0
CUST03837,1
CUST03838,0
CUST03839,0
CUST03840,1
CUST03841,0
CUST03842,0
CUST03843,0
CUST03844,0
CUST03845,0
CUST03846,1
CUST03847,1
CUST03848,0
CUST03849,1
CUST03850,0
CUST03851,0
CUST03852,0
CUST03853,0
CUST03854,1
CUST03855,1
CUST03856,0
CUST03857,1
CUST03858,1
CUST03859,0
CUST03860,0
CUST03861,0
CUST03862,1
CUST03863,0
CUST03864,0
CUST03865,0
CUST03866,0
CUST03867,0
CUST03868,1
CUST03869,1
CUST03870,0
CUST03871,0
CUST03872,0
CUST03873,0
CUST03874,0
CUST03875,0
CUST03876,0
CUST03877,0
CUST03878,0
CUST03879,1
CUST03880,0
CUST03881,0
CUST03882,1
CUST03883,1
CUST03884,0
CUST03885,0
CUST03886,1
CUST03887,1
CUST03888,1
CUST03889,1
CUST03890,0
CUST03891,0
CUST03892,0
CUST03893,1
CUST03894,0
CUST03895,1
CUST03896,0
CUST03897,0
CUST03898,0
CUST03899,0
CUST03900,0
CUST03901,0
CUST03902,0
CUST03903,1
CUST03904,0
CUST03905,0
CUST03906,0
CUST03907,0
CUST03908,0
CUST03909,1
CUST03910,0
CUST03911,0
CUST03912,0
CUST03913,0
CUST03914,1
CUST03915,1
CUST03916,0
CUST03917,1
CUST03918,0
CUST03919,1
CUST03920,0
CUST03921,1
CUST03922,0
CUST03923,0
CUST03924,0
CUST03925,1
CUST03926,0
CUST03927,1
CUST03928,1
CUST03929,1
CUST03930,0
CUST03931,1
CUST03932,0
CUST03933,1
CUST03934,0
CUST03935,0
CUST03936,0
CUST03937,0
CUST03938,0
CUST03939,0
CUST03940,0
CUST03941,0
CUST03942,0
CUST03943,0
CUST03944,0
CUST03945,0
CUST03946,0
CUST03947,1
CUST03948,1
CUST03949,0
CUST03950,0
CUST03951,0
CUST03952,0
CUST03953,1
CUST03954,0
CUST03955,0
CUST03956,0
CUST03957,1
CUST03958,0
CUST03959,0
CUST03960,0
CUST03961,1
CUST03962,0
CUST03963,0
CUST03964,1
CUST03965,0
CUST03966,0
CUST03967,0
CUST03968,0
CUST03969,0
CUST03970,0
CUST03971,1
CUST03972,0
CUST03973,0
CUST03974,1
CUST03975,0
CUST03976,1
CUST03977,0
CUST03978,0
CUST03979,0
CUST03980,0
CUST03981,0
CUST03982,0
CUST03983,0
CUST03984,0
CUST03985,0
CUST03986,1
CUST03987,0
CUST03988,0
CUST03989,0
CUST03990,0
CUST03991,0
CUST03992,0
CUST03993,0
CUST03994,0
CUST03995,0
CUST03996,0
CUST03997,0
CUST03998,0
CUST03999,0
CUST04000,0
CUST04001,1
CUST04002,0
CUST04003,0
CUST04004,0
CUST04005,0
CUST04006,0
CUST04007,0
CUST04008,0
CUST04009,1
CUST04010,0
CUST04011,0
CUST04012,0
CUST04013,1
CUST04014,0
CUST04015,1
CUST04016,1
CUST04017,0
CUST04018,0
CUST04019,0
CUST04020,0
CUST04021,0
CUST04022,0
CUST04023,1
CUST04024,0
CUST04025,0
CUST04026,0
CUST04027,0
CUST04028,0
CUST04029,1
CUST04030,1
CUST04031,1
CUST04032,0
CUST04033,0
CUST04034,1
CUST04035,0
CUST04036,1
CUST04037,1
CUST04038,0
CUST04039,1
CUST04040,1
CUST04041,0
CUST04042,0
CUST04043,0
CUST04044,1
CUST04045,0
CUST04046,0
CUST04047,0
CUST04048,1
CUST04049,0
CUST04050,0
CUST04051,1
CUST04052,1
CUST04053,1
CUST04054,0
CUST04055,0
CUST04056,0
CUST04057,1
CUST04058,0
CUST04059,0
CUST04060,1
CUST04061,0
CUST04062,0
CUST04063,0
CUST04064,0
CUST04065,0
CUST04066,0
CUST04067,0
CUST04068,0
CUST04069,1
CUST04070,0
CUST04071,0
CUST04072,1
CUST04073,1
CUST04074,1
CUST04075,0
CUST04076,1
CUST04077,0
CUST04078,0
CUST04079,0
CUST04080,0
CUST04081,1
CUST04082,0
CUST04083,1
CUST04084,1
CUST04085,0
CUST04086,0
CUST04087,0
CUST04088,1
CUST04089,0
CUST04090,0
CUST04091,1
CUST04092,0
CUST04093,0
CUST04094,1
CUST04095,0
CUST04096,0
CUST04097,0
CUST04098,0
CUST04099,0
CUST04100,0
CUST04101,1
CUST04102,0
CUST04103,0
CUST04104,0
CUST04105,0
CUST04106,0
CUST04107,0
CUST04108,0
CUST04109,0
CUST04110,1
CUST04111,0
CUST04112,0
CUST04113,0
CUST04114,0
CUST04115,1
CUST04116,0
CUST04117,1
CUST04118,0
CUST04119,0
CUST04120,1
CUST04121,0
CUST04122,0
CUST04123,0
CUST04124,1
CUST04125,0
CUST04126,1
CUST04127,1
CUST04128,1
CUST04129,0
CUST04130,0
CUST04131,0
CUST04132,0
CUST04133,1
CUST04134,0
CUST04135,1
CUST04136,0
CUST04137,1
CUST04138,0
CUST04139,1
CUST04140,1
CUST04141,1
CUST04142,0
CUST04143,0
CUST04144,0
CUST04145,1
CUST04146,1
CUST04147,0
CUST04148,0
CUST04149,0
CUST04150,0
CUST04151,0
CUST04152,0
CUST04153,1
CUST04154,0
CUST04155,0
CUST04156,0
CUST04157,0
CUST04158,0
CUST04159,1
CUST04160,1
CUST04161,0
CUST04162,0
CUST04163,0
CUST04164,0
CUST04165,1
CUST04166,0
CUST04167,0
CUST04168,0
CUST04169,1
CUST04170,0
CUST04171,0
CUST04172,1
CUST04173,0
CUST04174,0
CUST04175,0
CUST04176,1
CUST04177,1
CUST04178,0
CUST04179,0
CUST04180,0
CUST04181,0
CUST04182,1
CUST04183,1
CUST04184,0
CUST04185,0
CUST04186,1
CUST04187,0
CUST04188,1
CUST04189,1
CUST04190,1
CUST04191,0
CUST04192,0
CUST04193,0
CUST04194,1
CUST04195,1
CUST04196,0
CUST04197,0
CUST04198,0
CUST04199,0
CUST04200,0
CUST04201,0
CUST04202,0
CUST04203,0
CUST04204,1
CUST04205,0
CUST04206,0
CUST04207,1
CUST04208,0
CUST04209,0
CUST04210,0
CUST04211,0
CUST04212,1
CUST04213,0
CUST04214,0
CUST04215,1
CUST04216,0
CUST04217,0
CUST04218,0
CUST04219,1
CUST04220,0
CUST04221,0
CUST04222,1
CUST04223,0
CUST04224,0
CUST04225,1
CUST04226,1
CUST04227,0
CUST04228,1
CUST04229,0
CUST04230,0
CUST04231,1
CUST04232,0
CUST04233,0
CUST04234,1
CUST04235,0
CUST04236,0
CUST04237,0
CUST04238,0
CUST04239,1
CUST04240,0
CUST04241,1
CUST04242,0
CUST04243,0
CUST04244,0
CUST04245,0
CUST04246,1
CUST04247,0
CUST04248,0
CUST04249,1
CUST04250,1
CUST04251,0
CUST04252,0
CUST04253,0
CUST04254,0
CUST04255,0
CUST04256,1
CUST04257,1
CUST04258,0
CUST04259,0
CUST04260,0
CUST04261,0
CUST04262,0
CUST04263,0
CUST04264,0
CUST04265,1
CUST04266,0
CUST04267,1
CUST04268,0
CUST04269,0
CUST04270,1
CUST04271,1
CUST04272,1
CUST04273,0
CUST04274,0
CUST04275,1
CUST04276,0
CUST04277,0
CUST04278,0
CUST04279,0
CUST04280,0
CUST04281,0
CUST04282,1
CUST04283,0
CUST04284,0
CUST04285,1
CUST04286,1
CUST04287,0
CUST04288,1
CUST04289,0
CUST04290,0
CUST04291,0
CUST04292,0
CUST04293,0
CUST04294,1
CUST04295,0
CUST04296,0
CUST04297,0
CUST04298,0
CUST04299,0
CUST04300,1
CUST04301,0
CUST04302,1
CUST04303,0
CUST04304,0
CUST04305,0
CUST04306,0
CUST04307,0
CUST04308,1
CUST04309,0
CUST04310,0
CUST04311,0
CUST04312,1
CUST04313,0
CUST04314,0
CUST04315,1
CUST04316,0
CUST04317,0
CUST04318,0
CUST04319,1
CUST04320,0
CUST04321,1
CUST04322,1
CUST04323,1
CUST04324,0
CUST04325,0
CUST04326,1
CUST04327,0
CUST04328,1
CUST04329,0
CUST04330,0
CUST04331,0
CUST04332,0
CUST04333,0
CUST04334,1
CUST04335,0
CUST04336,0
CUST04337,1
CUST04338,0
CUST04339,0
CUST04340,0
CUST04341,0
CUST04342,0
CUST04343,0
CUST04344,0
CUST04345,1
CUST04346,0
CUST04347,0
CUST04348,1
CUST04349,0
CUST04350,1
CUST04351,0
CUST04352,1
CUST04353,0
CUST04354,1
CUST04355,0
CUST04356,1
CUST04357,0
CUST04358,1
CUST04359,1
CUST04360,0
CUST04361,0
CUST04362,1
CUST04363,0
CUST04364,0
CUST04365,0
CUST04366,1
CUST04367,0
CUST04368,0
CUST04369,0
CUST04370,0
CUST04371,0
CUST04372,0
CUST04373,0
CUST04374,0
CUST04375,0
CUST04376,0
CUST04377,0
CUST04378,0
CUST04379,0
CUST04380,0
CUST04381,0
CUST04382,0
CUST04383,1
CUST04384,1
CUST04385,0
CUST04386,1
CUST04387,1
CUST04388,0
CUST04389,0
CUST04390,0
CUST04391,0
CUST04392,0
CUST04393,1
CUST04394,0
CUST04395,1
CUST04396,0
CUST04397,0
CUST04398,0
CUST04399,0
CUST04400,0
CUST04401,0
CUST04402,0
CUST04403,0
CUST04404,0
CUST04405,1
CUST04406,1
CUST04407,1
CUST04408,0
CUST04409,0
CUST04410,1
CUST04411,0
CUST04412,0
CUST04413,1
CUST04414,1
CUST04415,0
CUST04416,0
CUST04417,0
CUST04418,0
CUST04419,1
CUST04420,0
CUST04421,0
CUST04422,1
CUST04423,1
CUST04424,0
CUST04425,0
CUST04426,0
CUST04427,0
CUST04428,0
CUST04429,0
CUST04430,0
CUST04431,1
CUST04432,0
CUST04433,0
CUST04434,1
CUST04435,0
CUST04436,0
CUST04437,0
CUST04438,1
CUST04439,1
CUST04440,0
CUST04441,0
CUST04442,0
CUST04443,0
CUST04444,0
CUST04445,0
CUST04446,1
CUST04447,0
CUST04448,0
CUST04449,0
CUST04450,1
CUST04451,0
CUST04452,1
CUST04453,0
CUST04454,0
CUST04455,0
CUST04456,0
CUST04457,1
CUST04458,0
CUST04459,0
CUST04460,0
CUST04461,0
CUST04462,0
CUST04463,1
CUST04464,0
CUST04465,0
CUST04466,0
CUST04467,0
CUST04468,0
CUST04469,1
CUST04470,0
CUST04471,1
CUST04472,1
CUST04473,0
CUST04474,0
CUST04475,1
CUST04476,0
CUST04477,1
CUST04478,0
CUST04479,1
CUST04480,1
CUST04481,0
CUST04482,0
CUST04483,1
CUST04484,1
CUST04485,0
CUST04486,1
CUST04487,0
CUST04488,0
CUST04489,0
CUST04490,1
CUST04491,0
CUST04492,1
CUST04493,1
CUST04494,0
CUST04495,1
CUST04496,1
CUST04497,0
CUST04498,0
CUST04499,0
CUST04500,0
CUST04501,1
CUST04502,0
CUST04503,0
CUST04504,0
CUST04505,0
CUST04506,0
CUST04507,1
CUST04508,0
CUST04509,1
CUST04510,1
CUST04511,0
CUST04512,0
CUST04513,0
CUST04514,1
CUST04515,1
CUST04516,0
CUST04517,0
CUST04518,0
CUST04519,0
CUST04520,0
CUST04521,0
CUST04522,1
CUST04523,0
CUST04524,1
CUST04525,0
CUST04526,0
CUST04527,1
CUST04528,1
CUST04529,1
CUST04530,0
CUST04531,0
CUST04532,0
CUST04533,0
CUST04534,0
CUST04535,1
CUST04536,1
CUST04537,1
CUST04538,1
CUST04539,0
CUST04540,0
CUST04541,0
CUST04542,0
CUST04543,0
CUST04544,0
CUST04545,0
CUST04546,0
CUST04547,0
CUST04548,1
CUST04549,1
CUST04550,0
CUST04551,1
CUST04552,0
CUST04553,0
CUST04554,0
CUST04555,0
CUST04556,1
CUST04557,1
CUST04558,1
CUST04559,0
CUST04560,1
CUST04561,1
CUST04562,0
CUST04563,0
CUST04564,0
CUST04565,0
CUST04566,0
CUST04567,0
CUST04568,0
CUST04569,0
CUST04570,0
CUST04571,0
CUST04572,1
CUST04573,0
CUST04574,0
CUST04575,0
CUST04576,0
CUST04577,0
CUST04578,0
CUST04579,1
CUST04580,1
CUST04581,1
CUST04582,0
CUST04583,0
CUST04584,0
CUST04585,1
CUST04586,1
CUST04587,0
CUST04588,0
CUST04589,1
CUST04590,1
CUST04591,1
CUST04592,0
CUST04593,0
CUST04594,0
CUST04595,0
CUST04596,1
CUST04597,1
CUST04598,0
CUST04599,0
CUST04600,0
CUST04601,0
CUST04602,0
CUST04603,1
CUST04604,0
CUST04605,0
CUST04606,0
CUST04607,0
CUST04608,0
CUST04609,1
CUST04610,0
CUST04611,0
CUST04612,0
CUST04613,0
CUST04614,0
CUST04615,0
CUST04616,0
CUST04617,0
CUST04618,0
CUST04619,0
CUST04620,0
CUST04621,0
CUST04622,0
CUST04623,0
CUST04624,1
CUST04625,1
CUST04626,1
CUST04627,0
CUST04628,0
CUST04629,1
CUST04630,0
CUST04631,0
CUST04632,0
CUST04633,0
CUST04634,0
CUST04635,0
CUST04636,1
CUST04637,0
CUST04638,0
CUST04639,0
CUST04640,0
CUST04641,1
CUST04642,0
CUST04643,0
CUST04644,0
CUST04645,1
CUST04646,1
CUST04647,1
CUST04648,0
CUST04649,0
CUST04650,0
CUST04651,0
CUST04652,0
CUST04653,0
CUST04654,0
CUST04655,0
CUST04656,0
CUST04657,0
CUST04658,0
CUST04659,0
CUST04660,1
CUST04661,0
CUST04662,1
CUST04663,0
CUST04664,0
CUST04665,0
CUST04666,1
CUST04667,0
CUST04668,0
CUST04669,1
CUST04670,1
CUST04671,0
CUST04672,0
CUST04673,1
CUST04674,0
CUST04675,0
CUST04676,0
CUST04677,0
CUST04678,0
CUST04679,1
CUST04680,1
CUST04681,0
CUST04682,0
CUST04683,0
CUST04684,0
CUST04685,0
CUST04686,0
CUST04687,0
CUST04688,0
CUST04689,0
CUST04690,1
CUST04691,0
CUST04692,0
CUST04693,1
CUST04694,0
CUST04695,0
CUST04696,0
CUST04697,0
CUST04698,0
CUST04699,0
CUST04700,1
CUST04701,0
CUST04702,0
CUST04703,1
CUST04704,1
CUST04705,0
CUST04706,0
CUST04707,0
CUST04708,0
CUST04709,0
CUST04710,1
CUST04711,0
CUST04712,0
CUST04713,0
CUST04714,0
CUST04715,0
CUST04716,0
CUST04717,1
CUST04718,1
CUST04719,0
CUST04720,1
CUST04721,1
CUST04722,0
CUST04723,0
CUST04724,0
CUST04725,0
CUST04726,0
CUST04727,1
CUST04728,0
CUST04729,1
CUST04730,0
CUST04731,0
CUST04732,0
CUST04733,1
CUST04734,1
CUST04735,0
CUST04736,0
CUST04737,1
CUST04738,0
CUST04739,0
CUST04740,1
CUST04741,1
CUST04742,0
CUST04743,0
CUST04744,1
CUST04745,0
CUST04746,0
CUST04747,0
CUST04748,0
CUST04749,0
CUST04750,0
CUST04751,0
CUST04752,0
CUST04753,1
CUST04754,0
CUST04755,0
CUST04756,0
CUST04757,0
CUST04758,0
CUST04759,0
CUST04760,1
CUST04761,0
CUST04762,1
CUST04763,0
CUST04764,0
CUST04765,0
CUST04766,1
CUST04767,0
CUST04768,0
CUST04769,1
CUST04770,0
CUST04771,0
CUST04772,0
CUST04773,0
CUST04774,0
CUST04775,0
CUST04776,0
CUST04777,0
CUST04778,0
CUST04779,0
CUST04780,0
CUST04781,0
CUST04782,0
CUST04783,0
CUST04784,0
CUST04785,0
CUST04786,0
CUST04787,0
CUST04788,1
CUST04789,0
CUST04790,0
CUST04791,0
CUST04792,1
CUST04793,0
CUST04794,0
CUST04795,0
CUST04796,0
CUST04797,0
CUST04798,0
CUST04799,0
CUST04800,1
CUST04801,0
CUST04802,0
CUST04803,1
CUST04804,0
CUST04805,0
CUST04806,0
CUST04807,0
CUST04808,1
CUST04809,0
CUST04810,0
CUST04811,0
CUST04812,0
CUST04813,0
CUST04814,0
CUST04815,0
CUST04816,1
CUST04817,1
CUST04818,0
CUST04819,0
CUST04820,0
CUST04821,0
CUST04822,0
CUST04823,0
CUST04824,0
CUST04825,0
CUST04826,0
CUST04827,1
CUST04828,0
CUST04829,0
CUST04830,0
CUST04831,0
CUST04832,0
CUST04833,1
CUST04834,0
CUST04835,0
CUST04836,0
CUST04837,0
CUST04838,0
CUST04839,0
CUST04840,0
CUST04841,1
CUST04842,1
CUST04843,0
CUST04844,0
CUST04845,0
CUST04846,0
CUST04847,1
CUST04848,0
CUST04849,0
CUST04850,0
CUST04851,1
CUST04852,0
CUST04853,0
CUST04854,0
CUST04855,0
CUST04856,0
CUST04857,0
CUST04858,1
CUST04859,1
CUST04860,1
CUST04861,1
CUST04862,0
CUST04863,0
CUST04864,0
CUST04865,0
CUST04866,1
CUST04867,0
CUST04868,0
CUST04869,1
CUST04870,0
CUST04871,0
CUST04872,0
CUST04873,0
CUST04874,0
CUST04875,0
CUST04876,1
CUST04877,0
CUST04878,1
CUST04879,0
CUST04880,0
CUST04881,0
CUST04882,0
CUST04883,0
CUST04884,0
CUST04885,0
CUST04886,0
CUST04887,0
CUST04888,1
CUST04889,0
CUST04890,1
CUST04891,0
CUST04892,0
CUST04893,1
CUST04894,0
CUST04895,0
CUST04896,0
CUST04897,0
CUST04898,0
CUST04899,0
CUST04900,1
CUST04901,0
CUST04902,0
CUST04903,0
CUST04904,0
CUST04905,1
CUST04906,0
CUST04907,1
CUST04908,0
CUST04909,0
CUST04910,0
CUST04911,0
CUST04912,1
CUST04913,0
CUST04914,0
CUST04915,0
CUST04916,1
CUST04917,0
CUST04918,0
CUST04919,0
CUST04920,0
CUST04921,1
CUST04922,1
CUST04923,0
CUST04924,0
CUST04925,0
CUST04926,0
CUST04927,0
CUST04928,0
CUST04929,1
CUST04930,1
CUST04931,0
CUST04932,0
CUST04933,1
CUST04934,0
CUST04935,0
CUST04936,0
CUST04937,1
CUST04938,1
CUST04939,0
CUST04940,0
CUST04941,0
CUST04942,0
CUST04943,0
CUST04944,0
CUST04945,0
CUST04946,1
CUST04947,1
CUST04948,1
CUST04949,0
CUST04950,0
CUST04951,0
CUST04952,0
CUST04953,0
CUST04954,0
CUST04955,0
CUST04956,1
CUST04957,0
CUST04958,0
CUST04959,0
CUST04960,1
CUST04961,1
CUST04962,0
CUST04963,0
CUST04964,1
CUST04965,0
CUST04966,0
CUST04967,0
CUST04968,1
CUST04969,1
CUST04970,0
CUST04971,0
CUST04972,0
CUST04973,0
CUST04974,1
CUST04975,0
CUST04976,0
CUST04977,0
CUST04978,0
CUST04979,0
CUST04980,0
CUST04981,1
CUST04982,0
CUST04983,1
CUST04984,0
CUST04985,1
CUST04986,0
CUST04987,1
CUST04988,1
CUST04989,1
CUST04990,0
CUST04991,1
CUST04992,1
CUST04993,0
CUST04994,1
CUST04995,0
CUST04996,0
CUST04997,0
CUST04998,0
CUST04999,0
CUST05000,1
CUST05001,0
CUST05002,0
CUST05003,0
CUST05004,0
CUST05005,0
CUST05006,0
CUST05007,0
CUST05008,0
CUST05009,0
CUST05010,0
CUST05011,0
CUST05012,1
CUST05013,0
CUST05014,1
CUST05015,0
CUST05016,0
CUST05017,0
CUST05018,0
CUST05019,1
CUST05020,0
CUST05021,1
CUST05022,0
CUST05023,1
CUST05024,1
CUST05025,1
CUST05026,0
CUST05027,0
CUST05028,0
CUST05029,1
CUST05030,0
CUST05031,0
CUST05032,0
CUST05033,1
CUST05034,1
CUST05035,0
CUST05036,0
CUST05037,1
CUST05038,0
CUST05039,0
CUST05040,1
CUST05041,0
CUST05042,1
CUST05043,0
CUST05044,1
CUST05045,1
CUST05046,1
CUST05047,0
CUST05048,0
CUST05049,0
CUST05050,0
CUST05051,0
CUST05052,0
CUST05053,0
CUST05054,0
CUST05055,0
CUST05056,0
CUST05057,0
CUST05058,0
CUST05059,0
CUST05060,0
CUST05061,1
CUST05062,1
CUST05063,0
CUST05064,0
CUST05065,0
CUST05066,0
CUST05067,0
CUST05068,0
CUST05069,1
CUST05070,0
CUST05071,1
CUST05072,1
CUST05073,0
CUST05074,0
CUST05075,1
CUST05076,0
CUST05077,1
CUST05078,0
CUST05079,0
CUST05080,0
CUST05081,0
CUST05082,0
CUST05083,0
CUST05084,0
CUST05085,0
CUST05086,0
CUST05087,0
CUST05088,0
CUST05089,1
CUST05090,0
CUST05091,0
CUST05092,0
CUST05093,0
CUST05094,0
CUST05095,0
CUST05096,0
CUST05097,0
CUST05098,0
CUST05099,0
CUST05100,0
CUST05101,0
CUST05102,1
CUST05103,1
CUST05104,0
CUST05105,0
CUST05106,0
CUST05107,0
CUST05108,0
CUST05109,0
CUST05110,1
CUST05111,1
CUST05112,0
CUST05113,1
CUST05114,1
CUST05115,0
CUST05116,0
CUST05117,0
CUST05118,0
CUST05119,0
CUST05120,0
CUST05121,0
CUST05122,1
CUST05123,0
CUST05124,1
CUST05125,1
CUST05126,1
CUST05127,0
CUST05128,0
CUST05129,0
CUST05130,0
CUST05131,0
CUST05132,0
CUST05133,0
CUST05134,0
CUST05135,1
CUST05136,0
CUST05137,1
CUST05138,0
CUST05139,1
CUST05140,1
CUST05141,1
CUST05142,0
CUST05143,1
CUST05144,0
CUST05145,0
CUST05146,0
CUST05147,0
CUST05148,0
CUST05149,1
CUST05150,0
CUST05151,0
CUST05152,0
CUST05153,1
CUST05154,0
CUST05155,0
CUST05156,0
CUST05157,0
CUST05158,0
CUST05159,0
CUST05160,0
CUST05161,1
CUST05162,0
CUST05163,0
CUST05164,0
CUST05165,0
CUST05166,1
CUST05167,0
CUST05168,0
CUST05169,0
CUST05170,0
CUST05171,0
CUST05172,1
CUST05173,0
CUST05174,0
CUST05175,0
CUST05176,0
CUST05177,0
CUST05178,0
CUST05179,0
CUST05180,1
CUST05181,0
CUST05182,0
CUST05183,0
CUST05184,1
CUST05185,0
CUST05186,1
CUST05187,1
CUST05188,0
CUST05189,1
CUST05190,0
CUST05191,0
CUST05192,1
CUST05193,0
CUST05194,1
CUST05195,0
CUST05196,0
CUST05197,1
CUST05198,0
CUST05199,0
CUST05200,0
CUST05201,0
CUST05202,1
CUST05203,1
CUST05204,1
CUST05205,1
CUST05206,0
CUST05207,0
CUST05208,0
CUST05209,0
CUST05210,0
CUST05211,1
CUST05212,0
CUST05213,0
CUST05214,0
CUST05215,0
CUST05216,1
CUST05217,0
CUST05218,1
CUST05219,0
CUST05220,0
CUST05221,0
CUST05222,0
CUST05223,0
CUST05224,0
CUST05225,0
CUST05226,0
CUST05227,1
CUST05228,0
CUST05229,0
CUST05230,1
CUST05231,1
CUST05232,0
CUST05233,1
CUST05234,0
CUST05235,0
CUST05236,0
CUST05237,1
CUST05238,1
CUST05239,0
CUST05240,0
CUST05241,1
CUST05242,0
CUST05243,0
CUST05244,1
CUST05245,1
CUST05246,1
CUST05247,0
CUST05248,0
CUST05249,0
CUST05250,0
CUST05251,0
CUST05252,1
CUST05253,1
CUST05254,0
CUST05255,0
CUST05256,0
CUST05257,0
CUST05258,0
CUST05259,0
CUST05260,0
CUST05261,0
CUST05262,0
CUST05263,1
CUST05264,0
CUST05265,1
CUST05266,0
CUST05267,0
CUST05268,0
CUST05269,0
CUST05270,0
CUST05271,0
CUST05272,0
CUST05273,0
CUST05274,0
CUST05275,1
CUST05276,0
CUST05277,0
CUST05278,0
CUST05279,1
CUST05280,0
CUST05281,1
CUST05282,0
CUST05283,0
CUST05284,0
CUST05285,0
CUST05286,1
CUST05287,1
CUST05288,0
CUST05289,0
CUST05290,1
CUST05291,0
CUST05292,0
CUST05293,0
CUST05294,0
CUST05295,0
CUST05296,0
CUST05297,0
CUST05298,1
CUST05299,0
CUST05300,0
CUST05301,0
CUST05302,0
CUST05303,0
CUST05304,0
CUST05305,0
CUST05306,0
CUST05307,0
CUST05308,0
CUST05309,0
CUST05310,0
CUST05311,0
CUST05312,1
CUST05313,1
CUST05314,1
CUST05315,0
CUST05316,0
CUST05317,0
CUST05318,1
CUST05319,0
CUST05320,1
CUST05321,0
CUST05322,0
CUST05323,0
CUST05324,1
CUST05325,0
CUST05326,1
CUST05327,0
CUST05328,0
CUST05329,0
CUST05330,0
CUST05331,0
CUST05332,0
CUST05333,0
CUST05334,0
CUST05335,1
CUST05336,1
CUST05337,0
CUST05338,1
CUST05339,1
CUST05340,0
CUST05341,0
CUST05342,1
CUST05343,0
CUST05344,0
CUST05345,1
CUST05346,0
CUST05347,0
CUST05348,0
CUST05349,0
CUST05350,1
CUST05351,1
CUST05352,1
CUST05353,0
CUST05354,0
CUST05355,0
CUST05356,0
CUST05357,0
CUST05358,1
CUST05359,0
CUST05360,0
CUST05361,1
CUST05362,0
CUST05363,0
CUST05364,1
CUST05365,1
CUST05366,1
CUST05367,1
CUST05368,0
CUST05369,0
CUST05370,0
CUST05371,0
CUST05372,0
CUST05373,0
CUST05374,0
CUST05375,0
CUST05376,0
CUST05377,1
CUST05378,0
CUST05379,0
CUST05380,0
CUST05381,0
CUST05382,0
CUST05383,0
CUST05384,0
CUST05385,1
CUST05386,0
CUST05387,0
CUST05388,1
CUST05389,1
CUST05390,0
CUST05391,0
CUST05392,1
CUST05393,0
CUST05394,1
CUST05395,1
CUST05396,0
CUST05397,0
CUST05398,0
CUST05399,0
CUST05400,0
CUST05401,0
CUST05402,1
CUST05403,1
CUST05404,0
CUST05405,0
CUST05406,0
CUST05407,1
CUST05408,0
CUST05409,0
CUST05410,0
CUST05411,1
CUST05412,0
CUST05413,0
CUST05414,0
CUST05415,0
CUST05416,0
CUST05417,0
CUST05418,0
CUST05419,0
CUST05420,0
CUST05421,0
CUST05422,0
CUST05423,1
CUST05424,0
CUST05425,0
CUST05426,1
CUST05427,1
CUST05428,0
CUST05429,1
CUST05430,1
CUST05431,1
CUST05432,0
CUST05433,1
CUST05434,0
CUST05435,1
CUST05436,1
CUST05437,0
CUST05438,0
CUST05439,0
CUST05440,0
CUST05441,0
CUST05442,0
CUST05443,0
CUST05444,1
CUST05445,0
CUST05446,0
CUST05447,0
CUST05448,1
CUST05449,0
CUST05450,0
CUST05451,0
CUST05452,0
CUST05453,0
CUST05454,0
CUST05455,0
CUST05456,0
CUST05457,0
CUST05458,0
CUST05459,1
CUST05460,1
CUST05461,0
CUST05462,0
CUST05463,0
CUST05464,0
CUST05465,0
CUST05466,0
CUST05467,0
CUST05468,0
CUST05469,0
CUST05470,0
CUST05471,1
CUST05472,0
CUST05473,0
CUST05474,0
CUST05475,0
CUST05476,0
CUST05477,0
CUST05478,1
CUST05479,0
CUST05480,0
CUST05481,1
CUST05482,0
CUST05483,0
CUST05484,1
CUST05485,0
CUST05486,1
CUST05487,0
CUST05488,1
CUST05489,0
CUST05490,1
CUST05491,0
CUST05492,0
CUST05493,1
CUST05494,0
CUST05495,0
CUST05496,0
CUST05497,1
CUST05498,0
CUST05499,1
CUST05500,1
CUST05501,0
CUST05502,0
CUST05503,0
CUST05504,0
CUST05505,0
CUST05506,0
CUST05507,0
CUST05508,0
CUST05509,0
CUST05510,0
CUST05511,0
CUST05512,1
CUST05513,0
CUST05514,1
CUST05515,0
CUST05516,0
CUST05517,1
CUST05518,0
CUST05519,0
CUST05520,0
CUST05521,0
CUST05522,1
CUST05523,1
CUST05524,0
CUST05525,0
CUST05526,0
CUST05527,1
CUST05528,0
CUST05529,0
CUST05530,0
CUST05531,0
CUST05532,0
CUST05533,1
CUST05534,1
CUST05535,0
CUST05536,0
CUST05537,0
CUST05538,0
CUST05539,0
CUST05540,0
CUST05541,0
CUST05542,1
CUST05543,0
CUST05544,0
CUST05545,1
CUST05546,0
CUST05547,0
CUST05548,0
CUST05549,0
CUST05550,0
CUST05551,0
CUST05552,0
CUST05553,1
CUST05554,1
CUST05555,0
CUST05556,1
CUST05557,0
CUST05558,1
CUST05559,0
CUST05560,1
CUST05561,0
CUST05562,1
CUST05563,0
CUST05564,0
CUST05565,1
CUST05566,0
CUST05567,1
CUST05568,1
CUST05569,0
CUST05570,1
CUST05571,1
CUST05572,0
CUST05573,0
CUST05574,1
CUST05575,1
CUST05576,0
CUST05577,1
CUST05578,0
CUST05579,1
CUST05580,0
CUST05581,0
CUST05582,0
CUST05583,0
CUST05584,1
CUST05585,0
CUST05586,0
CUST05587,0
CUST05588,0
CUST05589,1
CUST05590,1
CUST05591,0
CUST05592,1
CUST05593,0
CUST05594,1
CUST05595,0
CUST05596,0
CUST05597,0
CUST05598,1
CUST05599,1
CUST05600,1
CUST05601,0
CUST05602,0
CUST05603,0
CUST05604,1
CUST05605,0
CUST05606,1
CUST05607,1
CUST05608,0
CUST05609,0
CUST05610,0
CUST05611,0
CUST05612,1
CUST05613,0
CUST05614,0
CUST05615,0
CUST05616,0
CUST05617,0
CUST05618,0
CUST05619,1
CUST05620,0
CUST05621,0
CUST05622,1
CUST05623,0
CUST05624,0
CUST05625,0
CUST05626,0
CUST05627,0
CUST05628,0
CUST05629,0
CUST05630,0
CUST05631,0
CUST05632,1
CUST05633,0
CUST05634,0
CUST05635,0
CUST05636,0
CUST05637,1
CUST05638,0
CUST05639,0
CUST05640,0
CUST05641,1
CUST05642,0
CUST05643,0
CUST05644,0
CUST05645,1
CUST05646,0
CUST05647,0
CUST05648,1
CUST05649,1
CUST05650,1
CUST05651,1
CUST05652,1
CUST05653,0
CUST05654,0
CUST05655,0
CUST05656,0
CUST05657,1
CUST05658,0
CUST05659,1
CUST05660,1
CUST05661,0
CUST05662,0
CUST05663,0
CUST05664,1
CUST05665,1
CUST05666,0
CUST05667,1
CUST05668,0
CUST05669,0
CUST05670,1
CUST05671,0
CUST05672,0
CUST05673,0
CUST05674,0
CUST05675,1
CUST05676,0
CUST05677,1
CUST05678,0
CUST05679,1
CUST05680,0
CUST05681,0
CUST05682,0
CUST05683,0
CUST05684,0
CUST05685,0
CUST05686,0
CUST05687,0
CUST05688,1
CUST05689,0
CUST05690,1
CUST05691,0
CUST05692,0
CUST05693,1
CUST05694,1
CUST05695,0
CUST05696,0
CUST05697,0
CUST05698,0
CUST05699,1
CUST05700,0
CUST05701,0
CUST05702,0
CUST05703,1
CUST05704,0
CUST05705,1
CUST05706,0
CUST05707,0
CUST05708,0
CUST05709,1
CUST05710,1
CUST05711,0
CUST05712,1
CUST05713,0
CUST05714,1
CUST05715,1
CUST05716,0
CUST05717,0
CUST05718,0
CUST05719,0
CUST05720,0
CUST05721,0
CUST05722,0
CUST05723,0
CUST05724,0
CUST05725,0
CUST05726,1
CUST05727,0
CUST05728,0
CUST05729,0
CUST05730,1
CUST05731,0
CUST05732,0
CUST05733,1
CUST05734,1
CUST05735,1
CUST05736,1
CUST05737,1
CUST05738,0
CUST05739,0
CUST05740,0
CUST05741,0
CUST05742,0
CUST05743,0
CUST05744,1
CUST05745,0
CUST05746,1
CUST05747,1
CUST05748,0
CUST05749,1
CUST05750,0
CUST05751,0
CUST05752,0
CUST05753,0
CUST05754,0
CUST05755,1
CUST05756,0
CUST05757,1
CUST05758,0
CUST05759,0
CUST05760,0
CUST05761,0
CUST05762,1
CUST05763,1
CUST05764,0
CUST05765,0
CUST05766,1
CUST05767,0
CUST05768,0
CUST05769,0
CUST05770,1
CUST05771,1
CUST05772,1
CUST05773,0
CUST05774,1
CUST05775,0
CUST05776,0
CUST05777,1
CUST05778,0
CUST05779,0
CUST05780,0
CUST05781,1
CUST05782,0
CUST05783,1
CUST05784,0
CUST05785,0
CUST05786,1
CUST05787,0
CUST05788,0
CUST05789,1
CUST05790,0
CUST05791,0
CUST05792,1
CUST05793,1
CUST05794,1
CUST05795,0
CUST05796,0
CUST05797,0
CUST05798,1
CUST05799,1
CUST05800,0
CUST05801,0
CUST05802,0
CUST05803,0
CUST05804,0
CUST05805,0
CUST05806,0
CUST05807,0
CUST05808,1
CUST05809,1
CUST05810,0
CUST05811,0
CUST05812,1
CUST05813,0
CUST05814,0
CUST05815,0
CUST05816,0
CUST05817,0
CUST05818,1
CUST05819,1
CUST05820,0
CUST05821,0
CUST05822,0
CUST05823,1
CUST05824,1
CUST05825,0
CUST05826,0
CUST05827,1
CUST05828,0
CUST05829,0
CUST05830,0
CUST05831,1
CUST05832,0
CUST05833,0
CUST05834,0
CUST05835,0
CUST05836,1
CUST05837,0
CUST05838,0
CUST05839,1
CUST05840,0
CUST05841,0
CUST05842,0
CUST05843,0
CUST05844,0
CUST05845,0
CUST05846,0
CUST05847,0
CUST05848,0
CUST05849,0
CUST05850,0
CUST05851,0
CUST05852,1
CUST05853,0
CUST05854,0
CUST05855,0
CUST05856,0
CUST05857,0
CUST05858,0
CUST05859,0
CUST05860,1
CUST05861,0
CUST05862,0
CUST05863,0
CUST05864,0
CUST05865,1
CUST05866,0
CUST05867,1
CUST05868,0
CUST05869,0
CUST05870,1
CUST05871,0
CUST05872,0
CUST05873,0
CUST05874,0
CUST05875,0
CUST05876,0
CUST05877,0
CUST05878,1
CUST05879,0
CUST05880,0
CUST05881,0
CUST05882,1
CUST05883,0
CUST05884,1
CUST05885,0
CUST05886,0
CUST05887,1
CUST05888,1
CUST05889,0
CUST05890,0
CUST05891,1
CUST05892,1
CUST05893,0
CUST05894,0
CUST05895,0
CUST05896,0
CUST05897,1
CUST05898,0
CUST05899,1
CUST05900,0
CUST05901,1
CUST05902,0
CUST05903,0
CUST05904,0
CUST05905,0
CUST05906,1
CUST05907,0
CUST05908,0
CUST05909,0
CUST05910,0
CUST05911,0
CUST05912,1
CUST05913,1
CUST05914,0
CUST05915,0
CUST05916,0
CUST05917,1
CUST05918,1
CUST05919,0
CUST05920,1
CUST05921,0
CUST05922,1
CUST05923,0
CUST05924,1
CUST05925,0
CUST05926,1
CUST05927,0
CUST05928,1
CUST05929,1
CUST05930,0
CUST05931,0
CUST05932,0
CUST05933,0
CUST05934,1
CUST05935,0
CUST05936,1
CUST05937,1
CUST05938,0
CUST05939,0
CUST05940,0
CUST05941,0
CUST05942,0
CUST05943,0
CUST05944,0
CUST05945,1
CUST05946,0
CUST05947,0
CUST05948,0
CUST05949,1
CUST05950,0
CUST05951,0
CUST05952,0
CUST05953,0
CUST05954,1
CUST05955,0
CUST05956,1
CUST05957,0
CUST05958,0
CUST05959,0
CUST05960,1
CUST05961,0
CUST05962,1
CUST05963,0
CUST05964,0
CUST05965,0
CUST05966,1
CUST05967,1
CUST05968,0
CUST05969,1
CUST05970,0
CUST05971,0
CUST05972,0
CUST05973,0
CUST05974,0
CUST05975,0
CUST05976,1
CUST05977,0
CUST05978,0
CUST05979,0
CUST05980,1
CUST05981,1
CUST05982,0
CUST05983,1
CUST05984,0
CUST05985,0
CUST05986,0
CUST05987,1
CUST05988,1
CUST05989,0
CUST05990,0
CUST05991,0
CUST05992,0
CUST05993,0
CUST05994,0
CUST05995,0
CUST05996,0
CUST05997,0
CUST05998,0
CUST05999,0
CUST06000,0
CUST06001,1
CUST06002,0
CUST06003,0
CUST06004,1
CUST06005,0
CUST06006,1
CUST06007,0
CUST06008,0
CUST06009,1
CUST06010,0
CUST06011,0
CUST06012,0
CUST06013,1
CUST06014,0
CUST06015,0
CUST06016,0
CUST06017,0
CUST06018,0
CUST06019,0
CUST06020,0
CUST06021,0
CUST06022,0
CUST06023,0
CUST06024,0
CUST06025,0
CUST06026,0
CUST06027,0
CUST06028,0
CUST06029,1
CUST06030,0
CUST06031,1
CUST06032,0
CUST06033,0
CUST06034,0
CUST06035,1
CUST06036,0
CUST06037,0
CUST06038,0
CUST06039,0
CUST06040,0
CUST06041,1
CUST06042,0
CUST06043,0
CUST06044,0
CUST06045,1
CUST06046,0
CUST06047,0
CUST06048,0
CUST06049,0
CUST06050,1
CUST06051,0
CUST06052,1
CUST06053,0
CUST06054,0
CUST06055,0
CUST06056,0
CUST06057,0
CUST06058,0
CUST06059,0
CUST06060,0
CUST06061,0
CUST06062,0
CUST06063,1
CUST06064,1
CUST06065,0
CUST06066,0
CUST06067,0
CUST06068,0
CUST06069,0
CUST06070,0
CUST06071,1
CUST06072,0
CUST06073,0
CUST06074,0
CUST06075,0
CUST06076,0
CUST06077,0
CUST06078,1
CUST06079,1
CUST06080,0
CUST06081,0
CUST06082,1
CUST06083,0
CUST06084,0
CUST06085,0
CUST06086,0
CUST06087,0
CUST06088,0
CUST06089,1
CUST06090,0
CUST06091,0
CUST06092,0
CUST06093,0
CUST06094,1
CUST06095,0
CUST06096,1
CUST06097,0
CUST06098,0
CUST06099,0
CUST06100,0
CUST06101,0
CUST06102,1
CUST06103,0
CUST06104,1
CUST06105,0
CUST06106,0
CUST06107,0
CUST06108,0
CUST06109,0
CUST06110,1
CUST06111,1
CUST06112,0
CUST06113,1
CUST06114,0
CUST06115,0
CUST06116,1
CUST06117,1
CUST06118,1
CUST06119,0
CUST06120,1
CUST06121,0
CUST06122,0
CUST06123,0
CUST06124,1
CUST06125,0
CUST06126,0
CUST06127,0
CUST06128,1
CUST06129,0
CUST06130,0
CUST06131,0
CUST06132,0
CUST06133,0
CUST06134,0
CUST06135,0
CUST06136,0
CUST06137,0
CUST06138,1
CUST06139,0
CUST06140,0
CUST06141,0
CUST06142,0
CUST06143,0
CUST06144,0
CUST06145,0
CUST06146,0
CUST06147,0
CUST06148,0
CUST06149,1
CUST06150,1
CUST06151,1
CUST06152,0
CUST06153,0
CUST06154,0
CUST06155,0
CUST06156,0
CUST06157,0
CUST06158,0
CUST06159,0
CUST06160,0
CUST06161,0
CUST06162,0
CUST06163,0
CUST06164,0
CUST06165,0
CUST06166,0
CUST06167,0
CUST06168,1
CUST06169,0
CUST06170,0
CUST06171,0
CUST06172,1
CUST06173,0
CUST06174,0
CUST06175,0
CUST06176,0
CUST06177,1
CUST06178,0
CUST06179,0
CUST06180,0
CUST06181,1
CUST06182,0
CUST06183,0
CUST06184,1
CUST06185,0
CUST06186,0
CUST06187,0
CUST06188,0
CUST06189,0
CUST06190,0
CUST06191,1
CUST06192,1
CUST06193,0
CUST06194,1
CUST06195,1
CUST06196,0
CUST06197,0
CUST06198,0
CUST06199,0
CUST06200,0
CUST06201,1
CUST06202,0
CUST06203,1
CUST06204,1
CUST06205,0
CUST06206,1
CUST06207,0
CUST06208,1
CUST06209,0
CUST06210,0
CUST06211,0
CUST06212,0
CUST06213,0
CUST06214,0
CUST06215,0
CUST06216,0
CUST06217,0
CUST06218,0
CUST06219,0
CUST06220,0
CUST06221,0
CUST06222,1
CUST06223,0
CUST06224,0
CUST06225,0
CUST06226,1
CUST06227,0
CUST06228,1
CUST06229,0
CUST06230,0
CUST06231,1
CUST06232,1
CUST06233,1
CUST06234,0
CUST06235,0
CUST06236,0
CUST06237,1
CUST06238,1
CUST06239,0
CUST06240,0
CUST06241,1
CUST06242,0
CUST06243,0
CUST06244,1
CUST06245,0
CUST06246,1
CUST06247,0
CUST06248,0
CUST06249,1
CUST06250,0
CUST06251,0
CUST06252,0
CUST06253,0
CUST06254,0
CUST06255,0
CUST06256,0
CUST06257,1
CUST06258,1
CUST06259,0
CUST06260,0
CUST06261,0
CUST06262,0
CUST06263,0
CUST06264,1
CUST06265,0
CUST06266,0
CUST06267,1
CUST06268,0
CUST06269,0
CUST06270,1
CUST06271,0
CUST06272,1
CUST06273,0
CUST06274,0
CUST06275,1
CUST06276,1
CUST06277,0
CUST06278,0
CUST06279,0
CUST06280,0
CUST06281,0
CUST06282,1
CUST06283,0
CUST06284,1
CUST06285,0
CUST06286,1
CUST06287,0
CUST06288,0
CUST06289,1
CUST06290,0
CUST06291,0
CUST06292,0
CUST06293,1
CUST06294,0
CUST06295,0
CUST06296,0
CUST06297,0
CUST06298,0
CUST06299,1
CUST06300,0
CUST06301,0
CUST06302,0
CUST06303,1
CUST06304,0
CUST06305,0
CUST06306,0
CUST06307,0
CUST06308,0
CUST06309,0
CUST06310,0
CUST06311,0
CUST06312,0
CUST06313,1
CUST06314,0
CUST06315,0
CUST06316,1
CUST06317,0
CUST06318,1
CUST06319,1
CUST06320,0
CUST06321,1
CUST06322,0
CUST06323,0
CUST06324,0
CUST06325,0
CUST06326,0
CUST06327,1
CUST06328,0
CUST06329,0
CUST06330,0
CUST06331,0
CUST06332,1
CUST06333,0
CUST06334,0
CUST06335,0
CUST06336,1
CUST06337,0
CUST06338,0
CUST06339,0
CUST06340,0
CUST06341,0
CUST06342,1
CUST06343,1
CUST06344,0
CUST06345,0
CUST06346,0
CUST06347,0
CUST06348,1
CUST06349,1
CUST06350,1
CUST06351,0
CUST06352,0
CUST06353,0
CUST06354,1
CUST06355,1
CUST06356,1
CUST06357,0
CUST06358,0
CUST06359,1
CUST06360,1
CUST06361,0
CUST06362,0
CUST06363,0
CUST06364,0
CUST06365,0
CUST06366,0
CUST06367,0
CUST06368,0
CUST06369,0
CUST06370,0
CUST06371,1
CUST06372,0
CUST06373,1
CUST06374,1
CUST06375,0
CUST06376,0
CUST06377,1
CUST06378,0
CUST06379,1
CUST06380,0
CUST06381,1
CUST06382,0
CUST06383,0
CUST06384,0
CUST06385,0
CUST06386,0
CUST06387,1
CUST06388,1
CUST06389,0
CUST06390,1
CUST06391,0
CUST06392,0
CUST06393,0
CUST06394,1
CUST06395,1
CUST06396,0
CUST06397,0
CUST06398,0
CUST06399,0
CUST06400,0
CUST06401,1
CUST06402,0
CUST06403,0
CUST06404,0
CUST06405,0
CUST06406,0
CUST06407,0
CUST06408,0
CUST06409,0
CUST06410,1
CUST06411,0
CUST06412,0
CUST06413,0
CUST06414,0
CUST06415,0
CUST06416,0
CUST06417,0
CUST06418,1
CUST06419,0
CUST06420,0
CUST06421,0
CUST06422,0
CUST06423,0
CUST06424,0
CUST06425,0
CUST06426,0
CUST06427,1
CUST06428,0
CUST06429,0
CUST06430,1
CUST06431,1
CUST06432,1
CUST06433,0
CUST06434,0
CUST06435,0
CUST06436,1
CUST06437,1
CUST06438,0
CUST06439,0
CUST06440,0
CUST06441,0
CUST06442,0
CUST06443,1
CUST06444,0
CUST06445,1
CUST06446,0
CUST06447,1
CUST06448,0
CUST06449,0
CUST06450,1
CUST06451,0
CUST06452,1
CUST06453,0
CUST06454,0
CUST06455,1
CUST06456,0
CUST06457,1
CUST06458,0
CUST06459,0
CUST06460,0
CUST06461,0
CUST06462,1
CUST06463,1
CUST06464,0
CUST06465,0
CUST06466,0
CUST06467,0
CUST06468,0
CUST06469,1
CUST06470,0
CUST06471,1
CUST06472,1
CUST06473,1
CUST06474,1
CUST06475,1
CUST06476,0
CUST06477,0
CUST06478,0
CUST06479,0
CUST06480,0
CUST06481,0
CUST06482,0
CUST06483,1
CUST06484,0
CUST06485,0
CUST06486,0
CUST06487,1
CUST06488,0
CUST06489,0
CUST06490,1
CUST06491,1
CUST06492,0
CUST06493,0
CUST06494,0
CUST06495,1
CUST06496,0
CUST06497,0
CUST06498,0
CUST06499,0
CUST06500,0
CUST06501,0
CUST06502,0
CUST06503,0
CUST06504,0
CUST06505,0
CUST06506,0
CUST06507,0
CUST06508,1
CUST06509,0
CUST06510,1
CUST06511,0
CUST06512,0
CUST06513,0
CUST06514,0
CUST06515,0
CUST06516,0
CUST06517,0
CUST06518,1
CUST06519,1
CUST06520,0
CUST06521,0
CUST06522,0
CUST06523,0
CUST06524,0
CUST06525,0
CUST06526,1
CUST06527,0
CUST06528,0
CUST06529,0
CUST06530,0
CUST06531,1
CUST06532,1
CUST06533,1
CUST06534,0
CUST06535,0
CUST06536,0
CUST06537,1
CUST06538,0
CUST06539,0
CUST06540,1
CUST06541,0
CUST06542,0
CUST06543,1
CUST06544,0
CUST06545,0
CUST06546,0
CUST06547,1
CUST06548,0
CUST06549,0
CUST06550,1
CUST06551,0
CUST06552,0
CUST06553,1
CUST06554,0
CUST06555,0
CUST06556,0
CUST06557,0
CUST06558,0
CUST06559,0
CUST06560,0
CUST06561,0
CUST06562,0
CUST06563,0
CUST06564,1
CUST06565,0
CUST06566,0
CUST06567,1
CUST06568,1
CUST06569,0
CUST06570,0
CUST06571,1
CUST06572,0
CUST06573,0
CUST06574,1
CUST06575,0
CUST06576,1
CUST06577,1
CUST06578,0
CUST06579,0
CUST06580,1
CUST06581,0
CUST06582,1
CUST06583,1
CUST06584,0
CUST06585,1
CUST06586,0
CUST06587,0
CUST06588,0
CUST06589,0
CUST06590,0
CUST06591,0
CUST06592,0
CUST06593,0
CUST06594,1
CUST06595,1
CUST06596,0
CUST06597,0
CUST06598,0
CUST06599,1
CUST06600,1
CUST06601,0
CUST06602,1
CUST06603,0
CUST06604,0
CUST06605,0
CUST06606,0
CUST06607,0
CUST06608,0
CUST06609,1
CUST06610,0
CUST06611,1
CUST06612,0
CUST06613,0
CUST06614,0
CUST06615,0
CUST06616,1
CUST06617,0
CUST06618,0
CUST06619,0
CUST06620,1
CUST06621,0
CUST06622,0
CUST06623,1
CUST06624,0
CUST06625,1
CUST06626,0
CUST06627,0
CUST06628,1
CUST06629,1
CUST06630,1
CUST06631,0
CUST06632,0
CUST06633,1
CUST06634,0
CUST06635,1
CUST06636,0
CUST06637,1
CUST06638,1
CUST06639,0
CUST06640,0
CUST06641,0
CUST06642,0
CUST06643,0
CUST06644,0
CUST06645,1
CUST06646,0
CUST06647,0
CUST06648,0
CUST06649,1
CUST06650,0
CUST06651,0
CUST06652,0
CUST06653,0
CUST06654,0
CUST06655,0
CUST06656,0
CUST06657,0
CUST06658,0
CUST06659,0
CUST06660,0
CUST06661,1
CUST06662,0
CUST06663,0
CUST06664,1
CUST06665,0
CUST06666,0
CUST06667,0
CUST06668,1
CUST06669,0
CUST06670,0
CUST06671,0
CUST06672,0
CUST06673,0
CUST06674,0
CUST06675,0
CUST06676,0
CUST06677,1
CUST06678,0
CUST06679,1
CUST06680,0
CUST06681,1
CUST06682,0
CUST06683,0
CUST06684,0
CUST06685,1
CUST06686,0
CUST06687,0
CUST06688,0
CUST06689,0
CUST06690,0
CUST06691,0
CUST06692,0
CUST06693,1
CUST06694,0
CUST06695,1
CUST06696,1
CUST06697,1
CUST06698,0
CUST06699,1
CUST06700,0
CUST06701,1
CUST06702,1
CUST06703,0
CUST06704,0
CUST06705,0
CUST06706,0
CUST06707,1
CUST06708,1
CUST06709,1
CUST06710,1
CUST06711,0
CUST06712,0
CUST06713,1
CUST06714,0
CUST06715,1
CUST06716,0
CUST06717,0
CUST06718,0
CUST06719,0
CUST06720,0
CUST06721,0
CUST06722,0
CUST06723,0
CUST06724,0
CUST06725,1
CUST06726,0
CUST06727,0
CUST06728,0
CUST06729,1
CUST06730,0
CUST06731,0
CUST06732,0
CUST06733,1
CUST06734,0
CUST06735,0
CUST06736,1
CUST06737,1
CUST06738,0
CUST06739,0
CUST06740,1
CUST06741,0
CUST06742,0
CUST06743,1
CUST06744,0
CUST06745,0
CUST06746,1
CUST06747,0
CUST06748,0
CUST06749,1
CUST06750,0
CUST06751,0
CUST06752,1
CUST06753,0
CUST06754,0
CUST06755,0
CUST06756,0
CUST06757,0
CUST06758,1
CUST06759,1
CUST06760,0
CUST06761,0
CUST06762,0
CUST06763,0
CUST06764,0
CUST06765,0
CUST06766,1
CUST06767,1
CUST06768,0
CUST06769,0
CUST06770,0
CUST06771,0
CUST06772,0
CUST06773,1
CUST06774,0
CUST06775,0
CUST06776,0
CUST06777,1
CUST06778,0
CUST06779,1
CUST06780,0
CUST06781,0
CUST06782,0
CUST06783,0
CUST06784,0
CUST06785,0
CUST06786,0
CUST06787,0
CUST06788,0
CUST06789,0
CUST06790,1
CUST06791,0
CUST06792,0
CUST06793,0
CUST06794,0
CUST06795,0
CUST06796,0
CUST06797,1
CUST06798,0
CUST06799,0
CUST06800,0
CUST06801,0
CUST06802,0
CUST06803,0
CUST06804,0
CUST06805,0
CUST06806,0
CUST06807,1
CUST06808,0
CUST06809,0
CUST06810,0
CUST06811,0
CUST06812,0
CUST06813,0
CUST06814,0
CUST06815,0
CUST06816,0
CUST06817,0
CUST06818,0
CUST06819,0
CUST06820,1
CUST06821,0
CUST06822,0
CUST06823,0
CUST06824,1
CUST06825,0
CUST06826,0
CUST06827,0
CUST06828,0
CUST06829,0
CUST06830,0
CUST06831,1
CUST06832,0
CUST06833,0
CUST06834,1
CUST06835,1
CUST06836,0
CUST06837,0
CUST06838,1
CUST06839,0
CUST06840,1
CUST06841,1
CUST06842,0
CUST06843,0
CUST06844,0
CUST06845,1
CUST06846,0
CUST06847,0
CUST06848,0
CUST06849,1
CUST06850,0
CUST06851,0
CUST06852,1
CUST06853,1
CUST06854,0
CUST06855,0
CUST06856,0
CUST06857,1
CUST06858,0
CUST06859,1
CUST06860,1
CUST06861,0
CUST06862,0
CUST06863,1
CUST06864,0
CUST06865,0
CUST06866,0
CUST06867,0
CUST06868,0
CUST06869,1
CUST06870,1
CUST06871,0
CUST06872,0
CUST06873,1
CUST06874,0
CUST06875,0
CUST06876,0
CUST06877,0
CUST06878,0
CUST06879,0
CUST06880,0
CUST06881,0
CUST06882,0
CUST06883,0
CUST06884,0
CUST06885,1
CUST06886,1
CUST06887,0
CUST06888,0
CUST06889,0
CUST06890,0
CUST06891,0
CUST06892,1
CUST06893,1
CUST06894,0
CUST06895,0
CUST06896,0
CUST06897,0
CUST06898,0
CUST06899,0
CUST06900,0
CUST06901,0
CUST06902,0
CUST06903,0
CUST06904,1
CUST06905,0
CUST06906,0
CUST06907,0
CUST06908,0
CUST06909,0
CUST06910,0
CUST06911,0
CUST06912,1
CUST06913,0
CUST06914,0
CUST06915,0
CUST06916,0
CUST06917,0
CUST06918,1
CUST06919,1
CUST06920,0
CUST06921,1
CUST06922,0
CUST06923,0
CUST06924,0
CUST06925,1
CUST06926,0
CUST06927,0
CUST06928,1
CUST06929,1
CUST06930,1
CUST06931,0
CUST06932,0
CUST06933,0
CUST06934,0
CUST06935,1
CUST06936,0
CUST06937,0
CUST06938,1
CUST06939,1
CUST06940,0
CUST06941,0
CUST06942,0
CUST06943,1
CUST06944,0
CUST06945,1
CUST06946,0
CUST06947,0
CUST06948,0
CUST06949,0
CUST06950,0
CUST06951,0
CUST06952,1
CUST06953,0
CUST06954,0
CUST06955,0
CUST06956,0
CUST06957,0
CUST06958,1
CUST06959,1
CUST06960,1
CUST06961,0
CUST06962,1
CUST06963,1
CUST06964,1
CUST06965,0
CUST06966,0
CUST06967,0
CUST06968,0
CUST06969,1
CUST06970,0
CUST06971,0
CUST06972,1
CUST06973,0
CUST06974,0
CUST06975,0
CUST06976,0
CUST06977,1
CUST06978,0
CUST06979,0
CUST06980,0
CUST06981,0
CUST06982,0
CUST06983,1
CUST06984,0
CUST06985,0
CUST06986,0
CUST06987,0
CUST06988,0
CUST06989,0
CUST06990,0
CUST06991,1
CUST06992,0
CUST06993,0
CUST06994,0
CUST06995,1
CUST06996,1
CUST06997,1
CUST06998,1
CUST06999,0
CUST07000,1
CUST07001,0
CUST07002,0
CUST07003,0
CUST07004,0
CUST07005,0
CUST07006,0
CUST07007,0
CUST07008,0
CUST07009,0
CUST07010,0
CUST07011,0
CUST07012,0
CUST07013,0
CUST07014,0
CUST07015,0
CUST07016,0
CUST07017,0
CUST07018,0
CUST07019,0
CUST07020,1
CUST07021,1
CUST07022,0
CUST07023,1
CUST07024,0
CUST07025,1
CUST07026,0
CUST07027,0
CUST07028,1
CUST07029,0
CUST07030,0
CUST07031,0
CUST07032,1
CUST07033,1
CUST07034,0
CUST07035,0
CUST07036,0
CUST07037,0
CUST07038,0
CUST07039,0
CUST07040,1
CUST07041,0
CUST07042,0
CUST07043,1
CUST07044,0
CUST07045,1
CUST07046,0
CUST07047,0
CUST07048,0
CUST07049,0
CUST07050,0
CUST07051,0
CUST07052,0
CUST07053,1
CUST07054,0
CUST07055,0
CUST07056,0
CUST07057,0
CUST07058,0
CUST07059,0
CUST07060,1
CUST07061,1
CUST07062,1
CUST07063,1
CUST07064,0
CUST07065,0
CUST07066,1
CUST07067,0
CUST07068,0
CUST07069,0
CUST07070,0
CUST07071,0
CUST07072,0
CUST07073,1
CUST07074,0
CUST07075,0
CUST07076,0
CUST07077,1
CUST07078,1
CUST07079,1
CUST07080,1
CUST07081,0
CUST07082,0
CUST07083,0
CUST07084,0
CUST07085,1
CUST07086,0
CUST07087,1
CUST07088,0
CUST07089,0
CUST07090,0
CUST07091,0
CUST07092,1
CUST07093,1
CUST07094,0
CUST07095,0
CUST07096,1
CUST07097,0
CUST07098,0
CUST07099,0
CUST07100,0
CUST07101,0
CUST07102,0
CUST07103,1
CUST07104,1
CUST07105,0
CUST07106,0
CUST07107,0
CUST07108,0
CUST07109,0
CUST07110,0
CUST07111,1
CUST07112,1
CUST07113,0
CUST07114,0
CUST07115,0
CUST07116,1
CUST07117,0
CUST07118,0
CUST07119,1
CUST07120,1
CUST07121,1
CUST07122,0
CUST07123,0
CUST07124,0
CUST07125,0
CUST07126,0
CUST07127,0
CUST07128,0
CUST07129,0
CUST07130,1
CUST07131,0
CUST07132,0
CUST07133,0
CUST07134,0
CUST07135,0
CUST07136,1
CUST07137,0
CUST07138,1
CUST07139,1
CUST07140,0
CUST07141,1
CUST07142,0
CUST07143,0
CUST07144,0
CUST07145,1
CUST07146,1
CUST07147,0
CUST07148,0
CUST07149,0
CUST07150,1
CUST07151,0
CUST07152,0
CUST07153,1
CUST07154,0
CUST07155,0
CUST07156,0
CUST07157,0
CUST07158,0
CUST07159,0
CUST07160,1
CUST07161,1
CUST07162,0
CUST07163,1
CUST07164,1
CUST07165,1
CUST07166,0
CUST07167,0
CUST07168,0
CUST07169,0
CUST07170,0
CUST07171,0
CUST07172,0
CUST07173,0
CUST07174,1
CUST07175,0
CUST07176,0
CUST07177,1
CUST07178,0
CUST07179,0
CUST07180,0
CUST07181,0
CUST07182,0
CUST07183,0
CUST07184,0
CUST07185,0
CUST07186,1
CUST07187,1
CUST07188,0
CUST07189,0
CUST07190,1
CUST07191,1
CUST07192,0
CUST07193,0
CUST07194,0
CUST07195,0
CUST07196,0
CUST07197,0
CUST07198,0
CUST07199,1
CUST07200,1
CUST07201,0
CUST07202,0
CUST07203,0
CUST07204,0
CUST07205,1
CUST07206,0
CUST07207,0
CUST07208,0
CUST07209,0
CUST07210,0
CUST07211,0
CUST07212,0
CUST07213,0
CUST07214,0
CUST07215,0
CUST07216,0
CUST07217,1
CUST07218,1
CUST07219,1
CUST07220,1
CUST07221,1
CUST07222,0
CUST07223,0
CUST07224,0
CUST07225,0
CUST07226,1
CUST07227,0
CUST07228,0
CUST07229,1
CUST07230,0
CUST07231,0
CUST07232,0
CUST07233,0
CUST07234,0
CUST07235,0
CUST07236,0
CUST07237,1
CUST07238,0
CUST07239,0
CUST07240,0
CUST07241,1
CUST07242,1
CUST07243,0
CUST07244,0
CUST07245,0
CUST07246,0
CUST07247,1
CUST07248,0
CUST07249,0
CUST07250,0
CUST07251,0
CUST07252,1
CUST07253,0
CUST07254,1
CUST07255,0
CUST07256,1
CUST07257,0
CUST07258,0
CUST07259,0
CUST07260,0
CUST07261,0
CUST07262,0
CUST07263,1
CUST07264,0
CUST07265,0
CUST07266,0
CUST07267,0
CUST07268,0
CUST07269,0
CUST07270,0
CUST07271,0
CUST07272,1
CUST07273,1
CUST07274,0
CUST07275,0
CUST07276,0
CUST07277,0
CUST07278,0
CUST07279,0
CUST07280,1
CUST07281,1
CUST07282,0
CUST07283,0
CUST07284,1
CUST07285,0
CUST07286,0
CUST07287,0
CUST07288,0
CUST07289,1
CUST07290,0
CUST07291,1
CUST07292,0
CUST07293,0
CUST07294,0
CUST07295,0
CUST07296,1
CUST07297,0
CUST07298,0
CUST07299,0
CUST07300,1
CUST07301,0
CUST07302,0
CUST07303,0
CUST07304,0
CUST07305,0
CUST07306,1
CUST07307,0
CUST07308,0
CUST07309,0
CUST07310,0
CUST07311,1
CUST07312,0
CUST07313,0
CUST07314,0
CUST07315,0
CUST07316,1
CUST07317,0
CUST07318,0
CUST07319,0
CUST07320,1
CUST07321,0
CUST07322,0
CUST07323,0
CUST07324,1
CUST07325,0
CUST07326,0
CUST07327,0
CUST07328,0
CUST07329,0
CUST07330,1
CUST07331,0
CUST07332,0
CUST07333,1
CUST07334,0
CUST07335,0
CUST07336,0
CUST07337,0
CUST07338,0
CUST07339,1
CUST07340,0
CUST07341,1
CUST07342,0
CUST07343,0
CUST07344,0
CUST07345,0
CUST07346,0
CUST07347,0
CUST07348,1
CUST07349,1
CUST07350,1
CUST07351,0
CUST07352,0
CUST07353,0
CUST07354,0
CUST07355,0
CUST07356,0
CUST07357,1
CUST07358,1
CUST07359,0
CUST07360,0
CUST07361,1
CUST07362,0
CUST07363,0
CUST07364,0
CUST07365,0
CUST07366,0
CUST07367,0
CUST07368,0
CUST07369,0
CUST07370,1
CUST07371,1
CUST07372,1
CUST07373,0
CUST07374,1
CUST07375,0
CUST07376,0
CUST07377,0
CUST07378,0
CUST07379,1
CUST07380,0
CUST07381,0
CUST07382,0
CUST07383,1
CUST07384,1
CUST07385,1
CUST07386,0
CUST07387,0
CUST07388,1
CUST07389,0
CUST07390,0
CUST07391,1
CUST07392,0
CUST07393,0
CUST07394,0
CUST07395,0
CUST07396,0
CUST07397,0
CUST07398,0
CUST07399,1
CUST07400,0
CUST07401,0
CUST07402,1
CUST07403,1
CUST07404,0
CUST07405,0
CUST07406,0
CUST07407,1
CUST07408,1
CUST07409,0
CUST07410,1
CUST07411,0
CUST07412,0
CUST07413,0
CUST07414,0
CUST07415,0
CUST07416,0
CUST07417,0
CUST07418,0
CUST07419,0
CUST07420,1
CUST07421,0
CUST07422,0
CUST07423,0
CUST07424,0
CUST07425,0
CUST07426,0
CUST07427,0
CUST07428,0
CUST07429,1
CUST07430,1
CUST07431,0
CUST07432,0
CUST07433,0
CUST07434,0
CUST07435,0
CUST07436,0
CUST07437,0
CUST07438,0
CUST07439,0
CUST07440,0
CUST07441,1
CUST07442,0
CUST07443,0
CUST07444,1
CUST07445,0
CUST07446,1
CUST07447,1
CUST07448,0
CUST07449,0
CUST07450,0
CUST07451,0
CUST07452,0
CUST07453,0
CUST07454,1
CUST07455,0
CUST07456,1
CUST07457,1
CUST07458,0
CUST07459,0
CUST07460,0
CUST07461,0
CUST07462,0
CUST07463,1
CUST07464,0
CUST07465,0
CUST07466,0
CUST07467,0
CUST07468,0
CUST07469,1
CUST07470,0
CUST07471,0
CUST07472,0
CUST07473,0
CUST07474,0
CUST07475,0
CUST07476,0
CUST07477,1
CUST07478,0
CUST07479,0
CUST07480,0
CUST07481,1
CUST07482,0
CUST07483,0
CUST07484,0
CUST07485,0
CUST07486,1
CUST07487,0
CUST07488,1
CUST07489,1
CUST07490,0
CUST07491,0
CUST07492,0
CUST07493,0
CUST07494,1
CUST07495,0
CUST07496,0
CUST07497,0
CUST07498,0
CUST07499,0
CUST07500,1
CUST07501,0
CUST07502,0
CUST07503,0
CUST07504,0
CUST07505,1
CUST07506,1
CUST07507,0
CUST07508,0
CUST07509,1
CUST07510,1
CUST07511,0
CUST07512,1
CUST07513,0
CUST07514,0
CUST07515,1
CUST07516,0
CUST07517,0
CUST07518,0
CUST07519,0
CUST07520,0
CUST07521,1
CUST07522,0
CUST07523,1
CUST07524,0
CUST07525,1
CUST07526,1
CUST07527,1
CUST07528,0
CUST07529,0
CUST07530,0
CUST07531,0
CUST07532,0
CUST07533,0
CUST07534,0
CUST07535,0
CUST07536,1
CUST07537,0
CUST07538,0
CUST07539,0
CUST07540,0
CUST07541,0
CUST07542,0
CUST07543,1
CUST07544,1
CUST07545,0
CUST07546,0
CUST07547,0
CUST07548,0
CUST07549,0
CUST07550,0
CUST07551,1
CUST07552,0
CUST07553,1
CUST07554,0
CUST07555,1
CUST07556,1
CUST07557,0
CUST07558,0
CUST07559,0
CUST07560,0
CUST07561,1
CUST07562,1
CUST07563,0
CUST07564,1
CUST07565,0
CUST07566,0
CUST07567,1
CUST07568,0
CUST07569,0
CUST07570,0
CUST07571,0
CUST07572,0
CUST07573,0
CUST07574,1
CUST07575,0
CUST07576,0
CUST07577,1
CUST07578,1
CUST07579,1
CUST07580,1
CUST07581,1
CUST07582,0
CUST07583,0
CUST07584,0
CUST07585,0
CUST07586,1
CUST07587,0
CUST07588,1
CUST07589,0
CUST07590,0
CUST07591,0
CUST07592,0
CUST07593,1
CUST07594,0
CUST07595,0
CUST07596,1
CUST07597,0
CUST07598,0
CUST07599,1
CUST07600,0
CUST07601,1
CUST07602,0
CUST07603,1
CUST07604,1
CUST07605,0
CUST07606,1
CUST07607,0
CUST07608,1
CUST07609,0
CUST07610,0
CUST07611,0
CUST07612,0
CUST07613,1
CUST07614,0
CUST07615,0
CUST07616,0
CUST07617,0
CUST07618,1
CUST07619,1
CUST07620,0
CUST07621,0
CUST07622,1
CUST07623,0
CUST07624,1
CUST07625,0
CUST07626,1
CUST07627,0
CUST07628,0
CUST07629,1
CUST07630,0
CUST07631,0
CUST07632,0
CUST07633,0
CUST07634,1
CUST07635,1
CUST07636,0
CUST07637,0
CUST07638,0
CUST07639,0
CUST07640,0
CUST07641,0
CUST07642,0
CUST07643,0
CUST07644,0
CUST07645,0
CUST07646,1
CUST07647,0
CUST07648,0
CUST07649,0
CUST07650,1
CUST07651,0
CUST07652,0
CUST07653,0
CUST07654,0
CUST07655,0
CUST07656,0
CUST07657,1
CUST07658,1
CUST07659,0
CUST07660,1
CUST07661,0
CUST07662,1
CUST07663,0
CUST07664,0
CUST07665,0
CUST07666,0
CUST07667,1
CUST07668,1
CUST07669,0
CUST07670,0
CUST07671,0
CUST07672,1
CUST07673,0
CUST07674,0
CUST07675,0
CUST07676,1
CUST07677,1
CUST07678,1
CUST07679,0
CUST07680,0
CUST07681,1
CUST07682,0
CUST07683,1
CUST07684,0
CUST07685,0
CUST07686,0
CUST07687,1
CUST07688,0
CUST07689,0
CUST07690,0
CUST07691,0
CUST07692,0
CUST07693,0
CUST07694,1
CUST07695,1
CUST07696,1
CUST07697,0
CUST07698,1
CUST07699,0
CUST07700,0
CUST07701,1
CUST07702,0
CUST07703,1
CUST07704,0
CUST07705,0
CUST07706,0
CUST07707,0
CUST07708,0
CUST07709,0
CUST07710,0
CUST07711,0
CUST07712,0
CUST07713,0
CUST07714,0
CUST07715,0
CUST07716,1
CUST07717,0
CUST07718,1
CUST07719,0
CUST07720,1
CUST07721,1
CUST07722,1
CUST07723,0
CUST07724,1
CUST07725,1
CUST07726,0
CUST07727,0
CUST07728,0
CUST07729,1
CUST07730,0
CUST07731,0
CUST07732,0
CUST07733,0
CUST07734,0
CUST07735,0
CUST07736,1
CUST07737,1
CUST07738,0
CUST07739,1
CUST07740,0
CUST07741,1
CUST07742,0
CUST07743,1
CUST07744,0
CUST07745,0
CUST07746,0
CUST07747,0
CUST07748,1
CUST07749,0
CUST07750,0
CUST07751,0
CUST07752,1
CUST07753,0
CUST07754,0
CUST07755,0
CUST07756,1
CUST07757,0
CUST07758,0
CUST07759,0
CUST07760,0
CUST07761,1
CUST07762,0
CUST07763,0
CUST07764,1
CUST07765,1
CUST07766,1
CUST07767,0
CUST07768,0
CUST07769,0
CUST07770,1
CUST07771,0
CUST07772,0
CUST07773,0
CUST07774,0
CUST07775,0
CUST07776,0
CUST07777,0
CUST07778,0
CUST07779,0
CUST07780,0
CUST07781,0
CUST07782,0
CUST07783,0
CUST07784,0
CUST07785,1
CUST07786,0
CUST07787,0
CUST07788,1
CUST07789,0
CUST07790,0
CUST07791,0
CUST07792,0
CUST07793,0
CUST07794,1
CUST07795,1
CUST07796,0
CUST07797,1
CUST07798,0
CUST07799,0
CUST07800,0
CUST07801,0
CUST07802,0
CUST07803,1
CUST07804,0
CUST07805,0
CUST07806,0
CUST07807,1
CUST07808,0
CUST07809,0
CUST07810,0
CUST07811,0
CUST07812,0
CUST07813,0
CUST07814,1
CUST07815,0
CUST07816,1
CUST07817,0
CUST07818,1
CUST07819,1
CUST07820,1
CUST07821,0
CUST07822,0
CUST07823,0
CUST07824,1
CUST07825,0
CUST07826,0
CUST07827,1
CUST07828,0
CUST07829,1
CUST07830,0
CUST07831,0
CUST07832,0
CUST07833,0
CUST07834,0
CUST07835,0
CUST07836,0
CUST07837,1
CUST07838,1
CUST07839,0
CUST07840,0
CUST07841,1
CUST07842,0
CUST07843,0
CUST07844,0
CUST07845,0
CUST07846,1
CUST07847,1
CUST07848,0
CUST07849,0
CUST07850,0
CUST07851,0
CUST07852,1
CUST07853,0
CUST07854,0
CUST07855,0
CUST07856,0
CUST07857,0
CUST07858,0
CUST07859,0
CUST07860,0
CUST07861,0
CUST07862,0
CUST07863,0
CUST07864,1
CUST07865,0
CUST07866,1
CUST07867,0
CUST07868,0
CUST07869,0
CUST07870,0
CUST07871,0
CUST07872,0
CUST07873,1
CUST07874,0
CUST07875,0
CUST07876,0
CUST07877,1
CUST07878,0
CUST07879,1
CUST07880,0
CUST07881,0
CUST07882,0
CUST07883,0
CUST07884,0
CUST07885,0
CUST07886,1
CUST07887,0
CUST07888,0
CUST07889,0
CUST07890,0
CUST07891,0
CUST07892,0
CUST07893,0
CUST07894,0
CUST07895,0
CUST07896,0
CUST07897,1
CUST07898,0
CUST07899,0
CUST07900,0
CUST07901,1
CUST07902,0
CUST07903,0
CUST07904,0
CUST07905,0
CUST07906,1
CUST07907,0
CUST07908,0
CUST07909,0
CUST07910,0
CUST07911,0
CUST07912,0
CUST07913,0
CUST07914,0
CUST07915,0
CUST07916,0
CUST07917,1
CUST07918,0
CUST07919,0
CUST07920,0
CUST07921,1
CUST07922,1
CUST07923,0
CUST07924,0
CUST07925,1
CUST07926,0
CUST07927,0
CUST07928,0
CUST07929,0
CUST07930,0
CUST07931,0
CUST07932,0
CUST07933,1
CUST07934,0
CUST07935,0
CUST07936,0
CUST07937,0
CUST07938,0
CUST07939,0
CUST07940,0
CUST07941,0
CUST07942,1
CUST07943,1
CUST07944,0
CUST07945,0
CUST07946,0
CUST07947,1
CUST07948,1
CUST07949,1
CUST07950,0
CUST07951,1
CUST07952,0
CUST07953,0
CUST07954,0
CUST07955,0
CUST07956,0
CUST07957,1
CUST07958,0
CUST07959,0
CUST07960,0
CUST07961,0
CUST07962,0
CUST07963,0
CUST07964,0
CUST07965,1
CUST07966,0
CUST07967,0
CUST07968,0
CUST07969,0
CUST07970,0
CUST07971,0
CUST07972,1
CUST07973,0
CUST07974,0
CUST07975,0
CUST07976,0
CUST07977,1
CUST07978,0
CUST07979,1
CUST07980,1
CUST07981,0
CUST07982,0
CUST07983,1
CUST07984,0
CUST07985,0
CUST07986,0
CUST07987,0
CUST07988,0
CUST07989,0
CUST07990,0
CUST07991,1
CUST07992,0
CUST07993,0
CUST07994,0
CUST07995,0
CUST07996,0
CUST07997,0
CUST07998,0
CUST07999,1
CUST08000,0
CUST08001,1
CUST08002,1
CUST08003,0
CUST08004,1
CUST08005,1
CUST08006,0
CUST08007,0
CUST08008,0
CUST08009,1
CUST08010,0
CUST08011,0
CUST08012,0
CUST08013,1
CUST08014,0
CUST08015,0
CUST08016,0
CUST08017,0
CUST08018,1
CUST08019,0
CUST08020,0
CUST08021,0
CUST08022,0
CUST08023,0
CUST08024,0
CUST08025,0
CUST08026,0
CUST08027,0
CUST08028,0
CUST08029,1
CUST08030,0
CUST08031,0
CUST08032,1
CUST08033,0
CUST08034,0
CUST08035,0
CUST08036,0
CUST08037,0
CUST08038,0
CUST08039,0
CUST08040,1
CUST08041,1
CUST08042,0
CUST08043,0
CUST08044,1
CUST08045,0
CUST08046,0
CUST08047,1
CUST08048,0
CUST08049,0
CUST08050,0
CUST08051,0
CUST08052,0
CUST08053,1
CUST08054,1
CUST08055,0
CUST08056,0
CUST08057,0
CUST08058,0
CUST08059,0
CUST08060,1
CUST08061,1
CUST08062,0
CUST08063,1
CUST08064,0
CUST08065,1
CUST08066,0
CUST08067,0
CUST08068,0
CUST08069,0
CUST08070,1
CUST08071,0
CUST08072,0
CUST08073,1
CUST08074,1
CUST08075,0
CUST08076,0
CUST08077,1
CUST08078,1
CUST08079,0
CUST08080,0
CUST08081,0
CUST08082,0
CUST08083,0
CUST08084,0
CUST08085,1
CUST08086,0
CUST08087,1
CUST08088,1
CUST08089,0
CUST08090,0
CUST08091,0
CUST08092,0
CUST08093,1
CUST08094,1
CUST08095,0
CUST08096,0
CUST08097,0
CUST08098,0
CUST08099,0
CUST08100,1
CUST08101,0
CUST08102,1
CUST08103,0
CUST08104,0
CUST08105,0
CUST08106,1
CUST08107,0
CUST08108,0
CUST08109,1
CUST08110,0
CUST08111,0
CUST08112,0
CUST08113,1
CUST08114,1
CUST08115,0
CUST08116,0
CUST08117,1
CUST08118,0
CUST08119,0
CUST08120,0
CUST08121,0
CUST08122,1
CUST08123,0
CUST08124,1
CUST08125,0
CUST08126,0
CUST08127,0
CUST08128,1
CUST08129,0
CUST08130,0
CUST08131,0
CUST08132,0
CUST08133,1
CUST08134,0
CUST08135,1
CUST08136,0
CUST08137,0
CUST08138,1
CUST08139,0
CUST08140,0
CUST08141,0
CUST08142,1
CUST08143,1
CUST08144,0
CUST08145,1
CUST08146,0
CUST08147,0
CUST08148,1
CUST08149,0
CUST08150,0
CUST08151,1
CUST08152,0
CUST08153,0
CUST08154,1
CUST08155,0
CUST08156,0
CUST08157,1
CUST08158,0
CUST08159,0
CUST08160,0
CUST08161,1
CUST08162,0
CUST08163,0
CUST08164,0
CUST08165,0
CUST08166,0
CUST08167,0
CUST08168,1
CUST08169,0
CUST08170,0
CUST08171,0
CUST08172,0
CUST08173,0
CUST08174,0
CUST08175,1
CUST08176,0
CUST08177,0
CUST08178,1
CUST08179,0
CUST08180,0
CUST08181,0
CUST08182,0
CUST08183,0
CUST08184,1
CUST08185,0
CUST08186,0
CUST08187,0
CUST08188,1
CUST08189,0
CUST08190,0
CUST08191,0
CUST08192,0
CUST08193,0
CUST08194,0
CUST08195,0
CUST08196,0
CUST08197,1
CUST08198,0
CUST08199,1
CUST08200,0
CUST08201,0
CUST08202,0
CUST08203,1
CUST08204,0
CUST08205,1
CUST08206,0
CUST08207,0
CUST08208,0
CUST08209,0
CUST08210,0
CUST08211,0
CUST08212,0
CUST08213,0
CUST08214,1
CUST08215,0
CUST08216,1
CUST08217,1
CUST08218,0
CUST08219,0
CUST08220,1
CUST08221,0
CUST08222,0
CUST08223,0
CUST08224,1
CUST08225,0
CUST08226,1
CUST08227,0
CUST08228,0
CUST08229,1
CUST08230,0
CUST08231,0
CUST08232,0
CUST08233,0
CUST08234,1
CUST08235,0
CUST08236,0
CUST08237,1
CUST08238,0
CUST08239,1
CUST08240,0
CUST08241,1
CUST08242,0
CUST08243,0
CUST08244,0
CUST08245,0
CUST08246,1
CUST08247,0
CUST08248,0
CUST08249,1
CUST08250,0
CUST08251,1
CUST08252,1
CUST08253,0
CUST08254,1
CUST08255,0
CUST08256,0
CUST08257,0
CUST08258,1
CUST08259,1
CUST08260,0
CUST08261,0
CUST08262,0
CUST08263,0
CUST08264,0
CUST08265,0
CUST08266,0
CUST08267,1
CUST08268,0
CUST08269,1
CUST08270,1
CUST08271,0
CUST08272,0
CUST08273,0
CUST08274,1
CUST08275,0
CUST08276,1
CUST08277,0
CUST08278,0
CUST08279,0
CUST08280,0
CUST08281,0
CUST08282,1
CUST08283,0
CUST08284,0
CUST08285,1
CUST08286,0
CUST08287,0
CUST08288,0
CUST08289,0
CUST08290,0
CUST08291,1
CUST08292,1
CUST08293,0
CUST08294,0
CUST08295,0
CUST08296,0
CUST08297,1
CUST08298,1
CUST08299,0
CUST08300,0
CUST08301,0
CUST08302,0
CUST08303,1
CUST08304,0
CUST08305,0
CUST08306,0
CUST08307,0
CUST08308,1
CUST08309,0
CUST08310,0
CUST08311,0
CUST08312,0
CUST08313,0
CUST08314,1
CUST08315,0
CUST08316,0
CUST08317,0
CUST08318,1
CUST08319,0
CUST08320,0
CUST08321,0
CUST08322,0
CUST08323,0
CUST08324,0
CUST08325,0
CUST08326,0
CUST08327,0
CUST08328,1
CUST08329,0
CUST08330,0
CUST08331,1
CUST08332,1
CUST08333,0
CUST08334,0
CUST08335,1
CUST08336,0
CUST08337,1
CUST08338,0
CUST08339,0
CUST08340,0
CUST08341,0
CUST08342,1
CUST08343,0
CUST08344,0
CUST08345,1
CUST08346,0
CUST08347,0
CUST08348,0
CUST08349,0
CUST08350,1
CUST08351,0
CUST08352,0
CUST08353,0
CUST08354,0
CUST08355,0
CUST08356,0
CUST08357,0
CUST08358,0
CUST08359,0
CUST08360,0
CUST08361,0
CUST08362,0
CUST08363,0
CUST08364,0
CUST08365,0
CUST08366,0
CUST08367,0
CUST08368,0
CUST08369,1
CUST08370,0
CUST08371,0
CUST08372,0
CUST08373,0
CUST08374,1
CUST08375,1
CUST08376,0
CUST08377,0
CUST08378,0
CUST08379,1
CUST08380,0
CUST08381,0
CUST08382,0
CUST08383,1
CUST08384,0
CUST08385,0
CUST08386,0
CUST08387,1
CUST08388,0
CUST08389,1
CUST08390,0
CUST08391,0
CUST08392,0
CUST08393,1
CUST08394,1
CUST08395,0
CUST08396,1
CUST08397,1
CUST08398,0
CUST08399,0
CUST08400,1
CUST08401,0
CUST08402,1
CUST08403,1
CUST08404,0
CUST08405,0
CUST08406,0
CUST08407,0
CUST08408,0
CUST08409,0
CUST08410,0
CUST08411,0
CUST08412,1
CUST08413,1
CUST08414,0
CUST08415,0
CUST08416,0
CUST08417,0
CUST08418,1
CUST08419,0
CUST08420,0
CUST08421,1
CUST08422,0
CUST08423,0
CUST08424,0
CUST08425,0
CUST08426,0
CUST08427,0
CUST08428,1
CUST08429,0
CUST08430,0
CUST08431,0
CUST08432,1
CUST08433,0
CUST08434,0
CUST08435,1
CUST08436,0
CUST08437,0
CUST08438,0
CUST08439,1
CUST08440,0
CUST08441,0
CUST08442,0
CUST08443,1
CUST08444,0
CUST08445,0
CUST08446,1
CUST08447,1
CUST08448,0
CUST08449,0
CUST08450,0
CUST08451,1
CUST08452,0
CUST08453,1
CUST08454,1
CUST08455,0
CUST08456,0
CUST08457,1
CUST08458,0
CUST08459,1
CUST08460,0
CUST08461,1
CUST08462,1
CUST08463,0
CUST08464,0
CUST08465,1
CUST08466,0
CUST08467,0
CUST08468,0
CUST08469,0
CUST08470,0
CUST08471,0
CUST08472,0
CUST08473,0
CUST08474,0
CUST08475,0
CUST08476,1
CUST08477,0
CUST08478,1
CUST08479,0
CUST08480,1
CUST08481,0
CUST08482,0
CUST08483,1
CUST08484,1
CUST08485,1
CUST08486,0
CUST08487,0
CUST08488,0
CUST08489,0
CUST08490,0
CUST08491,0
CUST08492,0
CUST08493,0
CUST08494,1
CUST08495,0
CUST08496,1
CUST08497,1
CUST08498,1
CUST08499,0
CUST08500,0
CUST08501,0
CUST08502,0
CUST08503,0
CUST08504,1
CUST08505,0
CUST08506,1
CUST08507,0
CUST08508,1
CUST08509,0
CUST08510,0
CUST08511,0
CUST08512,1
CUST08513,1
CUST08514,1
CUST08515,0
CUST08516,0
CUST08517,1
CUST08518,1
CUST08519,1
CUST08520,0
CUST08521,0
CUST08522,0
CUST08523,0
CUST08524,0
CUST08525,0
CUST08526,0
CUST08527,0
CUST08528,0
CUST08529,1
CUST08530,1
CUST08531,1
CUST08532,0
CUST08533,1
CUST08534,0
CUST08535,0
CUST08536,0
CUST08537,0
CUST08538,0
CUST08539,0
CUST08540,0
CUST08541,1
CUST08542,1
CUST08543,0
CUST08544,0
CUST08545,0
CUST08546,0
CUST08547,0
CUST08548,0
CUST08549,0
CUST08550,0
CUST08551,1
CUST08552,0
CUST08553,1
CUST08554,0
CUST08555,0
CUST08556,1
CUST08557,0
CUST08558,1
CUST08559,0
CUST08560,0
CUST08561,0
CUST08562,0
CUST08563,1
CUST08564,0
CUST08565,0
CUST08566,0
CUST08567,1
CUST08568,0
CUST08569,0
CUST08570,0
CUST08571,0
CUST08572,0
CUST08573,0
CUST08574,0
CUST08575,0
CUST08576,0
CUST08577,1
CUST08578,0
CUST08579,0
CUST08580,0
CUST08581,0
CUST08582,0
CUST08583,0
CUST08584,0
CUST08585,0
CUST08586,0
CUST08587,0
CUST08588,0
CUST08589,0
CUST08590,1
CUST08591,0
CUST08592,0
CUST08593,0
CUST08594,1
CUST08595,1
CUST08596,0
CUST08597,0
CUST08598,0
CUST08599,0
CUST08600,1
CUST08601,0
CUST08602,1
CUST08603,0
CUST08604,0
CUST08605,0
CUST08606,0
CUST08607,1
CUST08608,0
CUST08609,0
CUST08610,0
CUST08611,0
CUST08612,1
CUST08613,1
CUST08614,0
CUST08615,0
CUST08616,1
CUST08617,1
CUST08618,0
CUST08619,0
CUST08620,0
CUST08621,1
CUST08622,0
CUST08623,0
CUST08624,0
CUST08625,0
CUST08626,1
CUST08627,0
CUST08628,0
CUST08629,0
CUST08630,1
CUST08631,1
CUST08632,0
CUST08633,0
CUST08634,0
CUST08635,0
CUST08636,1
CUST08637,0
CUST08638,0
CUST08639,1
CUST08640,1
CUST08641,0
CUST08642,0
CUST08643,0
CUST08644,0
CUST08645,0
CUST08646,0
CUST08647,0
CUST08648,0
CUST08649,1
CUST08650,0
CUST08651,0
CUST08652,0
CUST08653,0
CUST08654,0
CUST08655,0
CUST08656,0
CUST08657,0
CUST08658,0
CUST08659,0
CUST08660,0
CUST08661,0
CUST08662,0
CUST08663,0
CUST08664,0
CUST08665,1
CUST08666,1
CUST08667,1
CUST08668,0
CUST08669,0
CUST08670,0
CUST08671,1
CUST08672,0
CUST08673,0
CUST08674,0
CUST08675,0
CUST08676,0
CUST08677,0
CUST08678,1
CUST08679,0
CUST08680,0
CUST08681,0
CUST08682,0
CUST08683,0
CUST08684,0
CUST08685,0
CUST08686,1
CUST08687,0
CUST08688,0
CUST08689,0
CUST08690,0
CUST08691,0
CUST08692,1
CUST08693,1
CUST08694,0
CUST08695,0
CUST08696,1
CUST08697,1
CUST08698,1
CUST08699,0
CUST08700,1
CUST08701,1
CUST08702,0
CUST08703,0
CUST08704,0
CUST08705,0
CUST08706,0
CUST08707,1
CUST08708,0
CUST08709,0
CUST08710,1
CUST08711,0
CUST08712,0
CUST08713,1
CUST08714,0
CUST08715,0
CUST08716,0
CUST08717,0
CUST08718,1
CUST08719,0
CUST08720,0
CUST08721,1
CUST08722,0
CUST08723,0
CUST08724,0
CUST08725,0
CUST08726,1
CUST08727,0
CUST08728,0
CUST08729,0
CUST08730,0
CUST08731,0
CUST08732,1
CUST08733,0
CUST08734,0
CUST08735,0
CUST08736,1
CUST08737,0
CUST08738,0
CUST08739,0
CUST08740,0
CUST08741,1
CUST08742,0
CUST08743,0
CUST08744,0
CUST08745,0
CUST08746,0
CUST08747,0
CUST08748,0
CUST08749,0
CUST08750,0
CUST08751,1
CUST08752,0
CUST08753,0
CUST08754,0
CUST08755,1
CUST08756,0
CUST08757,0
CUST08758,0
CUST08759,0
CUST08760,0
CUST08761,0
CUST08762,1
CUST08763,0
CUST08764,0
CUST08765,0
CUST08766,0
CUST08767,0
CUST08768,0
CUST08769,0
CUST08770,0
CUST08771,0
CUST08772,0
CUST08773,1
CUST08774,0
CUST08775,1
CUST08776,0
CUST08777,1
CUST08778,0
CUST08779,0
CUST08780,0
CUST08781,0
CUST08782,0
CUST08783,0
CUST08784,1
CUST08785,1
CUST08786,0
CUST08787,0
CUST08788,1
CUST08789,0
CUST08790,1
CUST08791,0
CUST08792,0
CUST08793,0
CUST08794,1
CUST08795,0
CUST08796,0
CUST08797,0
CUST08798,0
CUST08799,0
CUST08800,0
CUST08801,0
CUST08802,0
CUST08803,0
CUST08804,1
CUST08805,1
CUST08806,1
CUST08807,0
CUST08808,0
CUST08809,0
CUST08810,0
CUST08811,0
CUST08812,0
CUST08813,0
CUST08814,0
CUST08815,1
CUST08816,0
CUST08817,1
CUST08818,0
CUST08819,1
CUST08820,0
CUST08821,0
CUST08822,0
CUST08823,0
CUST08824,0
CUST08825,0
CUST08826,0
CUST08827,1
CUST08828,0
CUST08829,1
CUST08830,0
CUST08831,0
CUST08832,0
CUST08833,1
CUST08834,0
CUST08835,1
CUST08836,0
CUST08837,0
CUST08838,0
CUST08839,1
CUST08840,0
CUST08841,1
CUST08842,0
CUST08843,0
CUST08844,0
CUST08845,0
CUST08846,0
CUST08847,1
CUST08848,1
CUST08849,0
CUST08850,0
CUST08851,1
CUST08852,0
CUST08853,0
CUST08854,1
CUST08855,0
CUST08856,0
CUST08857,0
CUST08858,0
CUST08859,1
CUST08860,1
CUST08861,0
CUST08862,0
CUST08863,0
CUST08864,1
CUST08865,0
CUST08866,1
CUST08867,0
CUST08868,1
CUST08869,1
CUST08870,0
CUST08871,1
CUST08872,0
CUST08873,1
CUST08874,0
CUST08875,1
CUST08876,0
CUST08877,0
CUST08878,0
CUST08879,0
CUST08880,0
CUST08881,1
CUST08882,0
CUST08883,0
CUST08884,0
CUST08885,0
CUST08886,1
CUST08887,1
CUST08888,1
CUST08889,0
CUST08890,0
CUST08891,0
CUST08892,0
CUST08893,1
CUST08894,0
CUST08895,0
CUST08896,0
CUST08897,0
CUST08898,1
CUST08899,0
CUST08900,1
CUST08901,0
CUST08902,1
CUST08903,0
CUST08904,0
CUST08905,1
CUST08906,1
CUST08907,1
CUST08908,1
CUST08909,1
CUST08910,1
CUST08911,1
CUST08912,0
CUST08913,0
CUST08914,0
CUST08915,0
CUST08916,0
CUST08917,0
CUST08918,0
CUST08919,0
CUST08920,0
CUST08921,0
CUST08922,0
CUST08923,1
CUST08924,0
CUST08925,0
CUST08926,1
CUST08927,1
CUST08928,0
CUST08929,0
CUST08930,1
CUST08931,0
CUST08932,0
CUST08933,0
CUST08934,1
CUST08935,1
CUST08936,1
CUST08937,0
CUST08938,0
CUST08939,0
CUST08940,0
CUST08941,0
CUST08942,0
CUST08943,0
CUST08944,1
CUST08945,0
CUST08946,0
CUST08947,0
CUST08948,1
CUST08949,0
CUST08950,1
CUST08951,0
CUST08952,0
CUST08953,0
CUST08954,1
CUST08955,0
CUST08956,1
CUST08957,1
CUST08958,0
CUST08959,1
CUST08960,0
CUST08961,0
CUST08962,0
CUST08963,0
CUST08964,0
CUST08965,1
CUST08966,1
CUST08967,1
CUST08968,1
CUST08969,1
CUST08970,0
CUST08971,0
CUST08972,1
CUST08973,1
CUST08974,0
CUST08975,0
CUST08976,1
CUST08977,1
CUST08978,1
CUST08979,1
CUST08980,0
CUST08981,0
CUST08982,1
CUST08983,1
CUST08984,1
CUST08985,0
CUST08986,1
CUST08987,0
CUST08988,1
CUST08989,0
CUST08990,1
CUST08991,0
CUST08992,0
CUST08993,0
CUST08994,0
CUST08995,0
CUST08996,0
CUST08997,0
CUST08998,1
CUST08999,0
CUST09000,1
CUST09001,1
CUST09002,1
CUST09003,1
CUST09004,0
CUST09005,1
CUST09006,0
CUST09007,0
CUST09008,1
CUST09009,0
CUST09010,1
CUST09011,0
CUST09012,0
CUST09013,0
CUST09014,0
CUST09015,0
CUST09016,0
CUST09017,0
CUST09018,0
CUST09019,0
CUST09020,1
CUST09021,0
CUST09022,0
CUST09023,0
CUST09024,0
CUST09025,0
CUST09026,0
CUST09027,1
CUST09028,0
CUST09029,1
CUST09030,0
CUST09031,0
CUST09032,1
CUST09033,0
CUST09034,0
CUST09035,0
CUST09036,1
CUST09037,0
CUST09038,0
CUST09039,1
CUST09040,0
CUST09041,0
CUST09042,0
CUST09043,1
CUST09044,1
CUST09045,0
CUST09046,0
CUST09047,0
CUST09048,1
CUST09049,1
CUST09050,0
CUST09051,0
CUST09052,0
CUST09053,0
CUST09054,0
CUST09055,1
CUST09056,1
CUST09057,0
CUST09058,0
CUST09059,0
CUST09060,0
CUST09061,1
CUST09062,0
CUST09063,0
CUST09064,0
CUST09065,0
CUST09066,0
CUST09067,0
CUST09068,0
CUST09069,0
CUST09070,0
CUST09071,0
CUST09072,0
CUST09073,0
CUST09074,0
CUST09075,0
CUST09076,1
CUST09077,0
CUST09078,0
CUST09079,1
CUST09080,0
CUST09081,0
CUST09082,0
CUST09083,0
CUST09084,0
CUST09085,0
CUST09086,0
CUST09087,0
CUST09088,1
CUST09089,0
CUST09090,1
CUST09091,0
CUST09092,0
CUST09093,0
CUST09094,1
CUST09095,0
CUST09096,0
CUST09097,0
CUST09098,0
CUST09099,1
CUST09100,0
CUST09101,1
CUST09102,0
CUST09103,0
CUST09104,1
CUST09105,0
CUST09106,0
CUST09107,0
CUST09108,0
CUST09109,0
CUST09110,1
CUST09111,1
CUST09112,0
CUST09113,0
CUST09114,0
CUST09115,0
CUST09116,0
CUST09117,0
CUST09118,1
CUST09119,1
CUST09120,0
CUST09121,0
CUST09122,0
CUST09123,1
CUST09124,0
CUST09125,0
CUST09126,1
CUST09127,0
CUST09128,1
CUST09129,1
CUST09130,1
CUST09131,0
CUST09132,1
CUST09133,0
CUST09134,0
CUST09135,0
CUST09136,1
CUST09137,1
CUST09138,0
CUST09139,0
CUST09140,1
CUST09141,0
CUST09142,0
CUST09143,1
CUST09144,0
CUST09145,1
CUST09146,0
CUST09147,0
CUST09148,0
CUST09149,0
CUST09150,0
CUST09151,0
CUST09152,0
CUST09153,0
CUST09154,0
CUST09155,0
CUST09156,0
CUST09157,1
CUST09158,1
CUST09159,1
CUST09160,0
CUST09161,1
CUST09162,1
CUST09163,0
CUST09164,0
CUST09165,1
CUST09166,0
CUST09167,0
CUST09168,0
CUST09169,0
CUST09170,0
CUST09171,0
CUST09172,0
CUST09173,0
CUST09174,0
CUST09175,0
CUST09176,0
CUST09177,0
CUST09178,0
CUST09179,1
CUST09180,0
CUST09181,0
CUST09182,0
CUST09183,0
CUST09184,1
CUST09185,0
CUST09186,1
CUST09187,1
CUST09188,0
CUST09189,1
CUST09190,0
CUST09191,1
CUST09192,0
CUST09193,1
CUST09194,0
CUST09195,0
CUST09196,0
CUST09197,1
CUST09198,1
CUST09199,1
CUST09200,1
CUST09201,1
CUST09202,0
CUST09203,0
CUST09204,0
CUST09205,1
CUST09206,0
CUST09207,0
CUST09208,1
CUST09209,0
CUST09210,0
CUST09211,1
CUST09212,1
CUST09213,0
CUST09214,0
CUST09215,0
CUST09216,1
CUST09217,0
CUST09218,1
CUST09219,0
CUST09220,0
CUST09221,0
CUST09222,1
CUST09223,0
CUST09224,0
CUST09225,0
CUST09226,1
CUST09227,0
CUST09228,0
CUST09229,0
CUST09230,1
CUST09231,0
CUST09232,0
CUST09233,1
CUST09234,0
CUST09235,1
CUST09236,0
CUST09237,0
CUST09238,0
CUST09239,0
CUST09240,1
CUST09241,0
CUST09242,1
CUST09243,0
CUST09244,1
CUST09245,0
CUST09246,1
CUST09247,0
CUST09248,0
CUST09249,0
CUST09250,0
CUST09251,0
CUST09252,1
CUST09253,0
CUST09254,0
CUST09255,0
CUST09256,0
CUST09257,0
CUST09258,0
CUST09259,0
CUST09260,0
CUST09261,0
CUST09262,0
CUST09263,1
CUST09264,1
CUST09265,1
CUST09266,0
CUST09267,0
CUST09268,1
CUST09269,0
CUST09270,0
CUST09271,0
CUST09272,0
CUST09273,0
CUST09274,0
CUST09275,1
CUST09276,0
CUST09277,0
CUST09278,0
CUST09279,0
CUST09280,0
CUST09281,0
CUST09282,1
CUST09283,0
CUST09284,0
CUST09285,0
CUST09286,1
CUST09287,1
CUST09288,0
CUST09289,0
CUST09290,0
CUST09291,0
CUST09292,0
CUST09293,0
CUST09294,1
CUST09295,1
CUST09296,1
CUST09297,0
CUST09298,0
CUST09299,1
CUST09300,0
CUST09301,0
CUST09302,0
CUST09303,0
CUST09304,0
CUST09305,1
CUST09306,0
CUST09307,0
CUST09308,1
CUST09309,0
CUST09310,0
CUST09311,0
CUST09312,0
CUST09313,1
CUST09314,0
CUST09315,1
CUST09316,0
CUST09317,0
CUST09318,0
CUST09319,1
CUST09320,1
CUST09321,0
CUST09322,0
CUST09323,1
CUST09324,0
CUST09325,0
CUST09326,1
CUST09327,0
CUST09328,0
CUST09329,0
CUST09330,0
CUST09331,1
CUST09332,0
CUST09333,0
CUST09334,1
CUST09335,0
CUST09336,0
CUST09337,1
CUST09338,1
CUST09339,0
CUST09340,0
CUST09341,1
CUST09342,0
CUST09343,0
CUST09344,0
CUST09345,0
CUST09346,1
CUST09347,0
CUST09348,0
CUST09349,1
CUST09350,0
CUST09351,0
CUST09352,0
CUST09353,0
CUST09354,0
CUST09355,0
CUST09356,0
CUST09357,0
CUST09358,0
CUST09359,0
CUST09360,1
CUST09361,0
CUST09362,0
CUST09363,0
CUST09364,0
CUST09365,0
CUST09366,0
CUST09367,0
CUST09368,0
CUST09369,0
CUST09370,1
CUST09371,0
CUST09372,0
CUST09373,0
CUST09374,0
CUST09375,0
CUST09376,0
CUST09377,1
CUST09378,0
CUST09379,0
CUST09380,0
CUST09381,0
CUST09382,0
CUST09383,1
CUST09384,0
CUST09385,1
CUST09386,0
CUST09387,1
CUST09388,0
CUST09389,0
CUST09390,0
CUST09391,1
CUST09392,1
CUST09393,0
CUST09394,1
CUST09395,0
CUST09396,0
CUST09397,0
CUST09398,0
CUST09399,0
CUST09400,0
CUST09401,1
CUST09402,0
CUST09403,1
CUST09404,0
CUST09405,0
CUST09406,0
CUST09407,0
CUST09408,0
CUST09409,0
CUST09410,0
CUST09411,0
CUST09412,1
CUST09413,0
CUST09414,0
CUST09415,0
CUST09416,0
CUST09417,1
CUST09418,0
CUST09419,0
CUST09420,0
CUST09421,1
CUST09422,0
CUST09423,1
CUST09424,0
CUST09425,1
CUST09426,0
CUST09427,0
CUST09428,0
CUST09429,0
CUST09430,0
CUST09431,0
CUST09432,0
CUST09433,1
CUST09434,0
CUST09435,0
CUST09436,0
CUST09437,1
CUST09438,0
CUST09439,0
CUST09440,1
CUST09441,0
CUST09442,0
CUST09443,0
CUST09444,0
CUST09445,0
CUST09446,0
CUST09447,1
CUST09448,1
CUST09449,0
CUST09450,1
CUST09451,0
CUST09452,1
CUST09453,0
CUST09454,0
CUST09455,0
CUST09456,0
CUST09457,0
CUST09458,0
CUST09459,1
CUST09460,0
CUST09461,1
CUST09462,0
CUST09463,1
CUST09464,0
CUST09465,0
CUST09466,1
CUST09467,1
CUST09468,1
CUST09469,0
CUST09470,0
CUST09471,0
CUST09472,1
CUST09473,0
CUST09474,0
CUST09475,1
CUST09476,0
CUST09477,1
CUST09478,0
CUST09479,0
CUST09480,0
CUST09481,0
CUST09482,0
CUST09483,0
CUST09484,0
CUST09485,0
CUST09486,0
CUST09487,0
CUST09488,0
CUST09489,0
CUST09490,0
CUST09491,0
CUST09492,0
CUST09493,1
CUST09494,0
CUST09495,1
CUST09496,0
CUST09497,1
CUST09498,0
CUST09499,1
CUST09500,0
CUST09501,0
CUST09502,1
CUST09503,1
CUST09504,1
CUST09505,0
CUST09506,0
CUST09507,0
CUST09508,1
CUST09509,0
CUST09510,0
CUST09511,0
CUST09512,0
CUST09513,0
CUST09514,1
CUST09515,1
CUST09516,0
CUST09517,0
CUST09518,1
CUST09519,0
CUST09520,0
CUST09521,0
CUST09522,1
CUST09523,1
CUST09524,1
CUST09525,0
CUST09526,0
CUST09527,0
CUST09528,0
CUST09529,1
CUST09530,1
CUST09531,0
CUST09532,1
CUST09533,0
CUST09534,0
CUST09535,0
CUST09536,1
CUST09537,1
CUST09538,0
CUST09539,0
CUST09540,1
CUST09541,0
CUST09542,0
CUST09543,0
CUST09544,0
CUST09545,0
CUST09546,0
CUST09547,0
CUST09548,0
CUST09549,0
CUST09550,1
CUST09551,0
CUST09552,1
CUST09553,1
CUST09554,1
CUST09555,1
CUST09556,1
CUST09557,0
CUST09558,0
CUST09559,1
CUST09560,1
CUST09561,0
CUST09562,0
CUST09563,1
CUST09564,0
CUST09565,0
CUST09566,1
CUST09567,1
CUST09568,0
CUST09569,0
CUST09570,0
CUST09571,0
CUST09572,0
CUST09573,0
CUST09574,0
CUST09575,0
CUST09576,0
CUST09577,1
CUST09578,1
CUST09579,0
CUST09580,0
CUST09581,0
CUST09582,0
CUST09583,0
CUST09584,0
CUST09585,1
CUST09586,0
CUST09587,0
CUST09588,0
CUST09589,0
CUST09590,0
CUST09591,0
CUST09592,0
CUST09593,0
CUST09594,1
CUST09595,0
CUST09596,0
CUST09597,0
CUST09598,0
CUST09599,0
CUST09600,0
CUST09601,0
CUST09602,0
CUST09603,0
CUST09604,0
CUST09605,1
CUST09606,0
CUST09607,0
CUST09608,0
CUST09609,0
CUST09610,1
CUST09611,1
CUST09612,0
CUST09613,1
CUST09614,0
CUST09615,1
CUST09616,0
CUST09617,1
CUST09618,1
CUST09619,1
CUST09620,0
CUST09621,0
CUST09622,0
CUST09623,0
CUST09624,1
CUST09625,0
CUST09626,0
CUST09627,1
CUST09628,0
CUST09629,0
CUST09630,0
CUST09631,0
CUST09632,1
CUST09633,0
CUST09634,1
CUST09635,0
CUST09636,0
CUST09637,0
CUST09638,0
CUST09639,0
CUST09640,0
CUST09641,0
CUST09642,0
CUST09643,0
CUST09644,0
CUST09645,0
CUST09646,1
CUST09647,0
CUST09648,0
CUST09649,1
CUST09650,0
CUST09651,0
CUST09652,0
CUST09653,0
CUST09654,0
CUST09655,0
CUST09656,1
CUST09657,1
CUST09658,0
CUST09659,0
CUST09660,0
CUST09661,1
CUST09662,0
CUST09663,0
CUST09664,0
CUST09665,0
CUST09666,1
CUST09667,0
CUST09668,0
CUST09669,1
CUST09670,0
CUST09671,0
CUST09672,1
CUST09673,0
CUST09674,0
CUST09675,0
CUST09676,1
CUST09677,1
CUST09678,0
CUST09679,0
CUST09680,0
CUST09681,0
CUST09682,0
CUST09683,0
CUST09684,0
CUST09685,0
CUST09686,0
CUST09687,0
CUST09688,0
CUST09689,0
CUST09690,0
CUST09691,1
CUST09692,0
CUST09693,0
CUST09694,0
CUST09695,0
CUST09696,1
CUST09697,0
CUST09698,1
CUST09699,0
CUST09700,0
CUST09701,0
CUST09702,0
CUST09703,1
CUST09704,0
CUST09705,0
CUST09706,0
CUST09707,0
CUST09708,0
CUST09709,0
CUST09710,1
CUST09711,0
CUST09712,0
CUST09713,0
CUST09714,0
CUST09715,0
CUST09716,0
CUST09717,0
CUST09718,0
CUST09719,0
CUST09720,1
CUST09721,0
CUST09722,0
CUST09723,1
CUST09724,0
CUST09725,0
CUST09726,1
CUST09727,0
CUST09728,0
CUST09729,0
CUST09730,0
CUST09731,0
CUST09732,1
CUST09733,0
CUST09734,0
CUST09735,1
CUST09736,1
CUST09737,1
CUST09738,0
CUST09739,0
CUST09740,1
CUST09741,0
CUST09742,0
CUST09743,0
CUST09744,1
CUST09745,0
CUST09746,1
CUST09747,0
CUST09748,0
CUST09749,0
CUST09750,1
CUST09751,0
CUST09752,0
CUST09753,0
CUST09754,0
CUST09755,0
CUST09756,0
CUST09757,0
CUST09758,1
CUST09759,0
CUST09760,0
CUST09761,1
CUST09762,0
CUST09763,1
CUST09764,1
CUST09765,0
CUST09766,0
CUST09767,1
CUST09768,0
CUST09769,1
CUST09770,0
CUST09771,0
CUST09772,0
CUST09773,0
CUST09774,0
CUST09775,0
CUST09776,0
CUST09777,0
CUST09778,1
CUST09779,0
CUST09780,1
CUST09781,0
CUST09782,0
CUST09783,1
CUST09784,1
CUST09785,0
CUST09786,0
CUST09787,0
CUST09788,0
CUST09789,0
CUST09790,0
CUST09791,0
CUST09792,0
CUST09793,0
CUST09794,0
CUST09795,1
CUST09796,1
CUST09797,1
CUST09798,1
CUST09799,0
CUST09800,1
CUST09801,0
CUST09802,0
CUST09803,0
CUST09804,1
CUST09805,0
CUST09806,0
CUST09807,1
CUST09808,1
CUST09809,1
CUST09810,0
CUST09811,0
CUST09812,1
CUST09813,0
CUST09814,0
CUST09815,1
CUST09816,1
CUST09817,1
CUST09818,0
CUST09819,0
CUST09820,0
CUST09821,1
CUST09822,0
CUST09823,1
CUST09824,0
CUST09825,0
CUST09826,0
CUST09827,0
CUST09828,0
CUST09829,0
CUST09830,1
CUST09831,0
CUST09832,0
CUST09833,0
CUST09834,1
CUST09835,0
CUST09836,0
CUST09837,0
CUST09838,0
CUST09839,1
CUST09840,0
CUST09841,0
CUST09842,1
CUST09843,0
CUST09844,1
CUST09845,0
CUST09846,0
CUST09847,0
CUST09848,0
CUST09849,1
CUST09850,0
CUST09851,1
CUST09852,1
CUST09853,0
CUST09854,1
CUST09855,0
CUST09856,0
CUST09857,0
CUST09858,1
CUST09859,0
CUST09860,0
CUST09861,0
CUST09862,0
CUST09863,1
CUST09864,0
CUST09865,1
CUST09866,0
CUST09867,0
CUST09868,0
CUST09869,1
CUST09870,0
CUST09871,0
CUST09872,0
CUST09873,0
CUST09874,0
CUST09875,1
CUST09876,0
CUST09877,0
CUST09878,0
CUST09879,0
CUST09880,0
CUST09881,0
CUST09882,1
CUST09883,0
CUST09884,1
CUST09885,0
CUST09886,1
CUST09887,0
CUST09888,0
CUST09889,0
CUST09890,0
CUST09891,1
CUST09892,0
CUST09893,0
CUST09894,1
CUST09895,1
CUST09896,0
CUST09897,1
CUST09898,1
CUST09899,0
CUST09900,0
CUST09901,0
CUST09902,0
CUST09903,0
CUST09904,1
CUST09905,1
CUST09906,0
CUST09907,0
CUST09908,0
CUST09909,0
CUST09910,0
CUST09911,0
CUST09912,1
CUST09913,0
CUST09914,1
CUST09915,0
CUST09916,1
CUST09917,0
CUST09918,0
CUST09919,0
CUST09920,0
CUST09921,0
CUST09922,0
CUST09923,0
CUST09924,0
CUST09925,0
CUST09926,0
CUST09927,0
CUST09928,1
CUST09929,0
CUST09930,0
CUST09931,0
CUST09932,0
CUST09933,0
CUST09934,0
CUST09935,0
CUST09936,0
CUST09937,0
CUST09938,1
CUST09939,0
CUST09940,1
CUST09941,1
CUST09942,0
CUST09943,0
CUST09944,1
CUST09945,0
CUST09946,0
CUST09947,0
CUST09948,0
CUST09949,0
CUST09950,0
CUST09951,0
CUST09952,1
CUST09953,0
CUST09954,0
CUST09955,0
CUST09956,0
CUST09957,0
CUST09958,0
CUST09959,1
CUST09960,0
CUST09961,1
CUST09962,1
CUST09963,0
CUST09964,0
CUST09965,0
CUST09966,1
CUST09967,1
CUST09968,0
CUST09969,1
CUST09970,0
CUST09971,0
CUST09972,1
CUST09973,0
CUST09974,0
CUST09975,1
CUST09976,0
CUST09977,0
CUST09978,0
CUST09979,1
CUST09980,1
CUST09981,0
CUST09982,0
CUST09983,0
CUST09984,1
CUST09985,0
CUST09986,1
CUST09987,0
CUST09988,0
CUST09989,0
CUST09990,0
CUST09991,0
CUST09992,0
CUST09993,0
CUST09994,0
CUST09995,0
CUST09996,0
CUST09997,0
CUST09998,1
CUST09999,0
CUST10000,0